STATION,NAME,DATE,TAVG,TMAX,TMIN
USW00094746,"WORCESTER REGIONAL AIRPORT, MA US",1/1/15,20,30,13
USW00094746,"WORCESTER REGIONAL AIRPORT, MA US",1/2/15,30,34,26
USW00094746,"WORCESTER REGIONAL AIRPORT, MA US",1/3/15,24,30,20
USW00094746,"WORCESTER REGIONAL AIRPORT, MA US",1/4/15,34,47,30
USW00094746,"WORCESTER REGIONAL AIRPORT, MA US",1/5/15,32,40,10
USW00094746,"WORCESTER REGIONAL AIRPORT, MA US",1/6/15,11,13,7
USW00094746,"WORCESTER REGIONAL AIRPORT, MA US",1/7/15,14,19,7
USW00094746,"WORCESTER REGIONAL AIRPORT, MA US",1/8/15,6,17,-6
USW00094746,"WORCESTER REGIONAL AIRPORT, MA US",1/9/15,22,28,16
USW00094746,"WORCESTER REGIONAL AIRPORT, MA US",1/10/15,14,18,8
USW00094746,"WORCESTER REGIONAL AIRPORT, MA US",1/11/15,14,27,6
USW00094746,"WORCESTER REGIONAL AIRPORT, MA US",1/12/15,29,34,27
USW00094746,"WORCESTER REGIONAL AIRPORT, MA US",1/13/15,21,31,8
USW00094746,"WORCESTER REGIONAL AIRPORT, MA US",1/14/15,15,23,10
USW00094746,"WORCESTER REGIONAL AIRPORT, MA US",1/15/15,23,27,18
USW00094746,"WORCESTER REGIONAL AIRPORT, MA US",1/16/15,23,32,9
USW00094746,"WORCESTER REGIONAL AIRPORT, MA US",1/17/15,12,21,2
USW00094746,"WORCESTER REGIONAL AIRPORT, MA US",1/18/15,31,47,19
USW00094746,"WORCESTER REGIONAL AIRPORT, MA US",1/19/15,36,36,26
USW00094746,"WORCESTER REGIONAL AIRPORT, MA US",1/20/15,27,32,20
USW00094746,"WORCESTER REGIONAL AIRPORT, MA US",1/21/15,23,32,15
USW00094746,"WORCESTER REGIONAL AIRPORT, MA US",1/22/15,27,33,23
USW00094746,"WORCESTER REGIONAL AIRPORT, MA US",1/23/15,24,32,14
USW00094746,"WORCESTER REGIONAL AIRPORT, MA US",1/24/15,29,31,28
USW00094746,"WORCESTER REGIONAL AIRPORT, MA US",1/25/15,29,31,15
USW00094746,"WORCESTER REGIONAL AIRPORT, MA US",1/26/15,14,18,7
USW00094746,"WORCESTER REGIONAL AIRPORT, MA US",1/27/15,14,18,9
USW00094746,"WORCESTER REGIONAL AIRPORT, MA US",1/28/15,13,22,7
USW00094746,"WORCESTER REGIONAL AIRPORT, MA US",1/29/15,20,30,8
USW00094746,"WORCESTER REGIONAL AIRPORT, MA US",1/30/15,27,30,11
USW00094746,"WORCESTER REGIONAL AIRPORT, MA US",1/31/15,14,16,5
USW00094746,"WORCESTER REGIONAL AIRPORT, MA US",2/1/15,24,28,5
USW00094746,"WORCESTER REGIONAL AIRPORT, MA US",2/2/15,,16,7
USW00094746,"WORCESTER REGIONAL AIRPORT, MA US",2/3/15,11,18,0
USW00094746,"WORCESTER REGIONAL AIRPORT, MA US",2/4/15,29,34,9
USW00094746,"WORCESTER REGIONAL AIRPORT, MA US",2/5/15,26,34,4
USW00094746,"WORCESTER REGIONAL AIRPORT, MA US",2/6/15,7,16,0
USW00094746,"WORCESTER REGIONAL AIRPORT, MA US",2/7/15,18,24,13
USW00094746,"WORCESTER REGIONAL AIRPORT, MA US",2/8/15,20,25,10
USW00094746,"WORCESTER REGIONAL AIRPORT, MA US",2/9/15,11,14,10
USW00094746,"WORCESTER REGIONAL AIRPORT, MA US",2/10/15,20,30,13
USW00094746,"WORCESTER REGIONAL AIRPORT, MA US",2/11/15,18,22,9
USW00094746,"WORCESTER REGIONAL AIRPORT, MA US",2/12/15,18,28,9
USW00094746,"WORCESTER REGIONAL AIRPORT, MA US",2/13/15,9,16,0
USW00094746,"WORCESTER REGIONAL AIRPORT, MA US",2/14/15,8,21,-3
USW00094746,"WORCESTER REGIONAL AIRPORT, MA US",2/15/15,13,18,-7
USW00094746,"WORCESTER REGIONAL AIRPORT, MA US",2/16/15,0,13,-9
USW00094746,"WORCESTER REGIONAL AIRPORT, MA US",2/17/15,11,21,6
USW00094746,"WORCESTER REGIONAL AIRPORT, MA US",2/18/15,19,27,10
USW00094746,"WORCESTER REGIONAL AIRPORT, MA US",2/19/15,18,22,3
USW00094746,"WORCESTER REGIONAL AIRPORT, MA US",2/20/15,5,13,-2
USW00094746,"WORCESTER REGIONAL AIRPORT, MA US",2/21/15,12,29,-1
USW00094746,"WORCESTER REGIONAL AIRPORT, MA US",2/22/15,30,37,27
USW00094746,"WORCESTER REGIONAL AIRPORT, MA US",2/23/15,20,28,-2
USW00094746,"WORCESTER REGIONAL AIRPORT, MA US",2/24/15,3,16,-7
USW00094746,"WORCESTER REGIONAL AIRPORT, MA US",2/25/15,19,30,13
USW00094746,"WORCESTER REGIONAL AIRPORT, MA US",2/26/15,17,22,13
USW00094746,"WORCESTER REGIONAL AIRPORT, MA US",2/27/15,16,24,8
USW00094746,"WORCESTER REGIONAL AIRPORT, MA US",2/28/15,15,26,5
USW00094746,"WORCESTER REGIONAL AIRPORT, MA US",3/1/15,19,24,14
USW00094746,"WORCESTER REGIONAL AIRPORT, MA US",3/2/15,26,30,19
USW00094746,"WORCESTER REGIONAL AIRPORT, MA US",3/3/15,20,32,9
USW00094746,"WORCESTER REGIONAL AIRPORT, MA US",3/4/15,33,38,32
USW00094746,"WORCESTER REGIONAL AIRPORT, MA US",3/5/15,28,34,14
USW00094746,"WORCESTER REGIONAL AIRPORT, MA US",3/6/15,15,24,5
USW00094746,"WORCESTER REGIONAL AIRPORT, MA US",3/7/15,21,34,9
USW00094746,"WORCESTER REGIONAL AIRPORT, MA US",3/8/15,30,39,23
USW00094746,"WORCESTER REGIONAL AIRPORT, MA US",3/9/15,35,43,27
USW00094746,"WORCESTER REGIONAL AIRPORT, MA US",3/10/15,39,48,28
USW00094746,"WORCESTER REGIONAL AIRPORT, MA US",3/11/15,44,53,38
USW00094746,"WORCESTER REGIONAL AIRPORT, MA US",3/12/15,35,38,24
USW00094746,"WORCESTER REGIONAL AIRPORT, MA US",3/13/15,28,38,19
USW00094746,"WORCESTER REGIONAL AIRPORT, MA US",3/14/15,32,35,29
USW00094746,"WORCESTER REGIONAL AIRPORT, MA US",3/15/15,35,40,26
USW00094746,"WORCESTER REGIONAL AIRPORT, MA US",3/16/15,32,44,24
USW00094746,"WORCESTER REGIONAL AIRPORT, MA US",3/17/15,38,46,25
USW00094746,"WORCESTER REGIONAL AIRPORT, MA US",3/18/15,24,28,17
USW00094746,"WORCESTER REGIONAL AIRPORT, MA US",3/19/15,21,31,14
USW00094746,"WORCESTER REGIONAL AIRPORT, MA US",3/20/15,24,29,17
USW00094746,"WORCESTER REGIONAL AIRPORT, MA US",3/21/15,30,42,24
USW00094746,"WORCESTER REGIONAL AIRPORT, MA US",3/22/15,28,34,15
USW00094746,"WORCESTER REGIONAL AIRPORT, MA US",3/23/15,19,28,12
USW00094746,"WORCESTER REGIONAL AIRPORT, MA US",3/24/15,26,38,14
USW00094746,"WORCESTER REGIONAL AIRPORT, MA US",3/25/15,35,46,27
USW00094746,"WORCESTER REGIONAL AIRPORT, MA US",3/26/15,41,49,36
USW00094746,"WORCESTER REGIONAL AIRPORT, MA US",3/27/15,40,41,35
USW00094746,"WORCESTER REGIONAL AIRPORT, MA US",3/28/15,33,36,23
USW00094746,"WORCESTER REGIONAL AIRPORT, MA US",3/29/15,28,39,19
USW00094746,"WORCESTER REGIONAL AIRPORT, MA US",3/30/15,33,41,28
USW00094746,"WORCESTER REGIONAL AIRPORT, MA US",3/31/15,38,45,31
USW00094746,"WORCESTER REGIONAL AIRPORT, MA US",4/1/15,35,44,27
USW00094746,"WORCESTER REGIONAL AIRPORT, MA US",4/2/15,40,57,28
USW00094746,"WORCESTER REGIONAL AIRPORT, MA US",4/3/15,51,57,44
USW00094746,"WORCESTER REGIONAL AIRPORT, MA US",4/4/15,45,49,30
USW00094746,"WORCESTER REGIONAL AIRPORT, MA US",4/5/15,34,41,29
USW00094746,"WORCESTER REGIONAL AIRPORT, MA US",4/6/15,40,55,29
USW00094746,"WORCESTER REGIONAL AIRPORT, MA US",4/7/15,37,40,34
USW00094746,"WORCESTER REGIONAL AIRPORT, MA US",4/8/15,35,41,31
USW00094746,"WORCESTER REGIONAL AIRPORT, MA US",4/9/15,31,34,30
USW00094746,"WORCESTER REGIONAL AIRPORT, MA US",4/10/15,39,52,33
USW00094746,"WORCESTER REGIONAL AIRPORT, MA US",4/11/15,47,50,36
USW00094746,"WORCESTER REGIONAL AIRPORT, MA US",4/12/15,47,65,33
USW00094746,"WORCESTER REGIONAL AIRPORT, MA US",4/13/15,56,69,46
USW00094746,"WORCESTER REGIONAL AIRPORT, MA US",4/14/15,56,63,48
USW00094746,"WORCESTER REGIONAL AIRPORT, MA US",4/15/15,55,63,46
USW00094746,"WORCESTER REGIONAL AIRPORT, MA US",4/16/15,52,65,40
USW00094746,"WORCESTER REGIONAL AIRPORT, MA US",4/17/15,52,60,47
USW00094746,"WORCESTER REGIONAL AIRPORT, MA US",4/18/15,58,71,48
USW00094746,"WORCESTER REGIONAL AIRPORT, MA US",4/19/15,50,61,38
USW00094746,"WORCESTER REGIONAL AIRPORT, MA US",4/20/15,42,49,39
USW00094746,"WORCESTER REGIONAL AIRPORT, MA US",4/21/15,51,59,45
USW00094746,"WORCESTER REGIONAL AIRPORT, MA US",4/22/15,53,64,40
USW00094746,"WORCESTER REGIONAL AIRPORT, MA US",4/23/15,41,45,33
USW00094746,"WORCESTER REGIONAL AIRPORT, MA US",4/24/15,37,44,33
USW00094746,"WORCESTER REGIONAL AIRPORT, MA US",4/25/15,41,53,30
USW00094746,"WORCESTER REGIONAL AIRPORT, MA US",4/26/15,47,53,42
USW00094746,"WORCESTER REGIONAL AIRPORT, MA US",4/27/15,48,55,44
USW00094746,"WORCESTER REGIONAL AIRPORT, MA US",4/28/15,49,60,40
USW00094746,"WORCESTER REGIONAL AIRPORT, MA US",4/29/15,53,62,44
USW00094746,"WORCESTER REGIONAL AIRPORT, MA US",4/30/15,49,57,43
USW00094746,"WORCESTER REGIONAL AIRPORT, MA US",5/1/15,47,55,41
USW00094746,"WORCESTER REGIONAL AIRPORT, MA US",5/2/15,52,66,38
USW00094746,"WORCESTER REGIONAL AIRPORT, MA US",5/3/15,58,73,46
USW00094746,"WORCESTER REGIONAL AIRPORT, MA US",5/4/15,66,82,52
USW00094746,"WORCESTER REGIONAL AIRPORT, MA US",5/5/15,67,78,57
USW00094746,"WORCESTER REGIONAL AIRPORT, MA US",5/6/15,64,73,54
USW00094746,"WORCESTER REGIONAL AIRPORT, MA US",5/7/15,67,80,53
USW00094746,"WORCESTER REGIONAL AIRPORT, MA US",5/8/15,66,80,44
USW00094746,"WORCESTER REGIONAL AIRPORT, MA US",5/9/15,56,77,43
USW00094746,"WORCESTER REGIONAL AIRPORT, MA US",5/10/15,71,85,63
USW00094746,"WORCESTER REGIONAL AIRPORT, MA US",5/11/15,71,83,54
USW00094746,"WORCESTER REGIONAL AIRPORT, MA US",5/12/15,64,82,52
USW00094746,"WORCESTER REGIONAL AIRPORT, MA US",5/13/15,58,62,45
USW00094746,"WORCESTER REGIONAL AIRPORT, MA US",5/14/15,56,68,46
USW00094746,"WORCESTER REGIONAL AIRPORT, MA US",5/15/15,59,70,44
USW00094746,"WORCESTER REGIONAL AIRPORT, MA US",5/16/15,61,69,54
USW00094746,"WORCESTER REGIONAL AIRPORT, MA US",5/17/15,69,83,60
USW00094746,"WORCESTER REGIONAL AIRPORT, MA US",5/18/15,59,70,48
USW00094746,"WORCESTER REGIONAL AIRPORT, MA US",5/19/15,59,70,54
USW00094746,"WORCESTER REGIONAL AIRPORT, MA US",5/20/15,56,60,46
USW00094746,"WORCESTER REGIONAL AIRPORT, MA US",5/21/15,53,63,41
USW00094746,"WORCESTER REGIONAL AIRPORT, MA US",5/22/15,58,70,49
USW00094746,"WORCESTER REGIONAL AIRPORT, MA US",5/23/15,51,62,37
USW00094746,"WORCESTER REGIONAL AIRPORT, MA US",5/24/15,62,79,48
USW00094746,"WORCESTER REGIONAL AIRPORT, MA US",5/25/15,67,79,58
USW00094746,"WORCESTER REGIONAL AIRPORT, MA US",5/26/15,71,83,62
USW00094746,"WORCESTER REGIONAL AIRPORT, MA US",5/27/15,72,85,63
USW00094746,"WORCESTER REGIONAL AIRPORT, MA US",5/28/15,72,83,58
USW00094746,"WORCESTER REGIONAL AIRPORT, MA US",5/29/15,68,79,58
USW00094746,"WORCESTER REGIONAL AIRPORT, MA US",5/30/15,71,83,58
USW00094746,"WORCESTER REGIONAL AIRPORT, MA US",5/31/15,65,74,46
USW00094746,"WORCESTER REGIONAL AIRPORT, MA US",6/1/15,46,48,44
USW00094746,"WORCESTER REGIONAL AIRPORT, MA US",6/2/15,46,48,44
USW00094746,"WORCESTER REGIONAL AIRPORT, MA US",6/3/15,53,65,42
USW00094746,"WORCESTER REGIONAL AIRPORT, MA US",6/4/15,56,66,49
USW00094746,"WORCESTER REGIONAL AIRPORT, MA US",6/5/15,60,75,47
USW00094746,"WORCESTER REGIONAL AIRPORT, MA US",6/6/15,65,74,56
USW00094746,"WORCESTER REGIONAL AIRPORT, MA US",6/7/15,62,71,53
USW00094746,"WORCESTER REGIONAL AIRPORT, MA US",6/8/15,62,73,52
USW00094746,"WORCESTER REGIONAL AIRPORT, MA US",6/9/15,66,75,59
USW00094746,"WORCESTER REGIONAL AIRPORT, MA US",6/10/15,67,78,57
USW00094746,"WORCESTER REGIONAL AIRPORT, MA US",6/11/15,73,84,64
USW00094746,"WORCESTER REGIONAL AIRPORT, MA US",6/12/15,72,83,61
USW00094746,"WORCESTER REGIONAL AIRPORT, MA US",6/13/15,73,82,65
USW00094746,"WORCESTER REGIONAL AIRPORT, MA US",6/14/15,72,81,63
USW00094746,"WORCESTER REGIONAL AIRPORT, MA US",6/15/15,58,63,53
USW00094746,"WORCESTER REGIONAL AIRPORT, MA US",6/16/15,61,74,53
USW00094746,"WORCESTER REGIONAL AIRPORT, MA US",6/17/15,67,71,55
USW00094746,"WORCESTER REGIONAL AIRPORT, MA US",6/18/15,63,74,53
USW00094746,"WORCESTER REGIONAL AIRPORT, MA US",6/19/15,69,81,60
USW00094746,"WORCESTER REGIONAL AIRPORT, MA US",6/20/15,64,71,57
USW00094746,"WORCESTER REGIONAL AIRPORT, MA US",6/21/15,67,81,62
USW00094746,"WORCESTER REGIONAL AIRPORT, MA US",6/22/15,74,81,66
USW00094746,"WORCESTER REGIONAL AIRPORT, MA US",6/23/15,74,86,63
USW00094746,"WORCESTER REGIONAL AIRPORT, MA US",6/24/15,71,80,62
USW00094746,"WORCESTER REGIONAL AIRPORT, MA US",6/25/15,70,77,60
USW00094746,"WORCESTER REGIONAL AIRPORT, MA US",6/26/15,67,74,59
USW00094746,"WORCESTER REGIONAL AIRPORT, MA US",6/27/15,64,70,55
USW00094746,"WORCESTER REGIONAL AIRPORT, MA US",6/28/15,56,57,49
USW00094746,"WORCESTER REGIONAL AIRPORT, MA US",6/29/15,58,72,51
USW00094746,"WORCESTER REGIONAL AIRPORT, MA US",6/30/15,68,79,57
USW00094746,"WORCESTER REGIONAL AIRPORT, MA US",7/1/15,69,79,63
USW00094746,"WORCESTER REGIONAL AIRPORT, MA US",7/2/15,68,75,61
USW00094746,"WORCESTER REGIONAL AIRPORT, MA US",7/3/15,68,76,60
USW00094746,"WORCESTER REGIONAL AIRPORT, MA US",7/4/15,65,71,58
USW00094746,"WORCESTER REGIONAL AIRPORT, MA US",7/5/15,69,81,57
USW00094746,"WORCESTER REGIONAL AIRPORT, MA US",7/6/15,73,83,63
USW00094746,"WORCESTER REGIONAL AIRPORT, MA US",7/7/15,73,82,65
USW00094746,"WORCESTER REGIONAL AIRPORT, MA US",7/8/15,76,84,67
USW00094746,"WORCESTER REGIONAL AIRPORT, MA US",7/9/15,69,75,62
USW00094746,"WORCESTER REGIONAL AIRPORT, MA US",7/10/15,70,81,61
USW00094746,"WORCESTER REGIONAL AIRPORT, MA US",7/11/15,74,85,66
USW00094746,"WORCESTER REGIONAL AIRPORT, MA US",7/12/15,76,85,67
USW00094746,"WORCESTER REGIONAL AIRPORT, MA US",7/13/15,77,82,65
USW00094746,"WORCESTER REGIONAL AIRPORT, MA US",7/14/15,71,80,64
USW00094746,"WORCESTER REGIONAL AIRPORT, MA US",7/15/15,75,83,64
USW00094746,"WORCESTER REGIONAL AIRPORT, MA US",7/16/15,66,75,57
USW00094746,"WORCESTER REGIONAL AIRPORT, MA US",7/17/15,68,78,56
USW00094746,"WORCESTER REGIONAL AIRPORT, MA US",7/18/15,69,79,64
USW00094746,"WORCESTER REGIONAL AIRPORT, MA US",7/19/15,78,87,72
USW00094746,"WORCESTER REGIONAL AIRPORT, MA US",7/20/15,81,88,70
USW00094746,"WORCESTER REGIONAL AIRPORT, MA US",7/21/15,77,86,69
USW00094746,"WORCESTER REGIONAL AIRPORT, MA US",7/22/15,72,80,62
USW00094746,"WORCESTER REGIONAL AIRPORT, MA US",7/23/15,68,77,61
USW00094746,"WORCESTER REGIONAL AIRPORT, MA US",7/24/15,66,77,58
USW00094746,"WORCESTER REGIONAL AIRPORT, MA US",7/25/15,63,70,57
USW00094746,"WORCESTER REGIONAL AIRPORT, MA US",7/26/15,66,76,60
USW00094746,"WORCESTER REGIONAL AIRPORT, MA US",7/27/15,71,81,64
USW00094746,"WORCESTER REGIONAL AIRPORT, MA US",7/28/15,74,86,66
USW00094746,"WORCESTER REGIONAL AIRPORT, MA US",7/29/15,78,88,69
USW00094746,"WORCESTER REGIONAL AIRPORT, MA US",7/30/15,76,85,69
USW00094746,"WORCESTER REGIONAL AIRPORT, MA US",7/31/15,73,82,65
USW00094746,"WORCESTER REGIONAL AIRPORT, MA US",8/1/15,71,81,63
USW00094746,"WORCESTER REGIONAL AIRPORT, MA US",8/2/15,71,81,59
USW00094746,"WORCESTER REGIONAL AIRPORT, MA US",8/3/15,73,84,64
USW00094746,"WORCESTER REGIONAL AIRPORT, MA US",8/4/15,73,83,64
USW00094746,"WORCESTER REGIONAL AIRPORT, MA US",8/5/15,69,78,59
USW00094746,"WORCESTER REGIONAL AIRPORT, MA US",8/6/15,66,75,58
USW00094746,"WORCESTER REGIONAL AIRPORT, MA US",8/7/15,68,77,61
USW00094746,"WORCESTER REGIONAL AIRPORT, MA US",8/8/15,67,76,61
USW00094746,"WORCESTER REGIONAL AIRPORT, MA US",8/9/15,66,73,58
USW00094746,"WORCESTER REGIONAL AIRPORT, MA US",8/10/15,67,79,57
USW00094746,"WORCESTER REGIONAL AIRPORT, MA US",8/11/15,66,69,63
USW00094746,"WORCESTER REGIONAL AIRPORT, MA US",8/12/15,70,77,63
USW00094746,"WORCESTER REGIONAL AIRPORT, MA US",8/13/15,68,77,60
USW00094746,"WORCESTER REGIONAL AIRPORT, MA US",8/14/15,70,81,60
USW00094746,"WORCESTER REGIONAL AIRPORT, MA US",8/15/15,74,85,64
USW00094746,"WORCESTER REGIONAL AIRPORT, MA US",8/16/15,72,83,63
USW00094746,"WORCESTER REGIONAL AIRPORT, MA US",8/17/15,77,86,69
USW00094746,"WORCESTER REGIONAL AIRPORT, MA US",8/18/15,77,87,68
USW00094746,"WORCESTER REGIONAL AIRPORT, MA US",8/19/15,74,83,68
USW00094746,"WORCESTER REGIONAL AIRPORT, MA US",8/20/15,73,81,68
USW00094746,"WORCESTER REGIONAL AIRPORT, MA US",8/21/15,72,80,69
USW00094746,"WORCESTER REGIONAL AIRPORT, MA US",8/22/15,70,77,64
USW00094746,"WORCESTER REGIONAL AIRPORT, MA US",8/23/15,66,69,63
USW00094746,"WORCESTER REGIONAL AIRPORT, MA US",8/24/15,70,78,65
USW00094746,"WORCESTER REGIONAL AIRPORT, MA US",8/25/15,72,80,66
USW00094746,"WORCESTER REGIONAL AIRPORT, MA US",8/26/15,70,76,61
USW00094746,"WORCESTER REGIONAL AIRPORT, MA US",8/27/15,65,73,59
USW00094746,"WORCESTER REGIONAL AIRPORT, MA US",8/28/15,65,75,57
USW00094746,"WORCESTER REGIONAL AIRPORT, MA US",8/29/15,66,75,57
USW00094746,"WORCESTER REGIONAL AIRPORT, MA US",8/30/15,70,81,61
USW00094746,"WORCESTER REGIONAL AIRPORT, MA US",8/31/15,74,83,66
USW00094746,"WORCESTER REGIONAL AIRPORT, MA US",9/1/15,74,82,64
USW00094746,"WORCESTER REGIONAL AIRPORT, MA US",9/2/15,72,85,63
USW00094746,"WORCESTER REGIONAL AIRPORT, MA US",9/3/15,76,86,67
USW00094746,"WORCESTER REGIONAL AIRPORT, MA US",9/4/15,70,73,58
USW00094746,"WORCESTER REGIONAL AIRPORT, MA US",9/5/15,66,78,53
USW00094746,"WORCESTER REGIONAL AIRPORT, MA US",9/6/15,69,83,58
USW00094746,"WORCESTER REGIONAL AIRPORT, MA US",9/7/15,73,88,60
USW00094746,"WORCESTER REGIONAL AIRPORT, MA US",9/8/15,79,90,70
USW00094746,"WORCESTER REGIONAL AIRPORT, MA US",9/9/15,76,87,67
USW00094746,"WORCESTER REGIONAL AIRPORT, MA US",9/10/15,69,72,59
USW00094746,"WORCESTER REGIONAL AIRPORT, MA US",9/11/15,62,73,57
USW00094746,"WORCESTER REGIONAL AIRPORT, MA US",9/12/15,65,75,57
USW00094746,"WORCESTER REGIONAL AIRPORT, MA US",9/13/15,61,63,55
USW00094746,"WORCESTER REGIONAL AIRPORT, MA US",9/14/15,58,65,51
USW00094746,"WORCESTER REGIONAL AIRPORT, MA US",9/15/15,64,77,55
USW00094746,"WORCESTER REGIONAL AIRPORT, MA US",9/16/15,71,81,63
USW00094746,"WORCESTER REGIONAL AIRPORT, MA US",9/17/15,71,82,60
USW00094746,"WORCESTER REGIONAL AIRPORT, MA US",9/18/15,71,81,59
USW00094746,"WORCESTER REGIONAL AIRPORT, MA US",9/19/15,67,77,58
USW00094746,"WORCESTER REGIONAL AIRPORT, MA US",9/20/15,66,70,51
USW00094746,"WORCESTER REGIONAL AIRPORT, MA US",9/21/15,56,66,50
USW00094746,"WORCESTER REGIONAL AIRPORT, MA US",9/22/15,58,67,53
USW00094746,"WORCESTER REGIONAL AIRPORT, MA US",9/23/15,60,72,52
USW00094746,"WORCESTER REGIONAL AIRPORT, MA US",9/24/15,65,74,53
USW00094746,"WORCESTER REGIONAL AIRPORT, MA US",9/25/15,58,66,51
USW00094746,"WORCESTER REGIONAL AIRPORT, MA US",9/26/15,54,63,42
USW00094746,"WORCESTER REGIONAL AIRPORT, MA US",9/27/15,54,68,42
USW00094746,"WORCESTER REGIONAL AIRPORT, MA US",9/28/15,62,76,51
USW00094746,"WORCESTER REGIONAL AIRPORT, MA US",9/29/15,69,79,61
USW00094746,"WORCESTER REGIONAL AIRPORT, MA US",9/30/15,68,74,51
USW00094746,"WORCESTER REGIONAL AIRPORT, MA US",10/1/15,55,58,47
USW00094746,"WORCESTER REGIONAL AIRPORT, MA US",10/2/15,47,49,44
USW00094746,"WORCESTER REGIONAL AIRPORT, MA US",10/3/15,45,49,42
USW00094746,"WORCESTER REGIONAL AIRPORT, MA US",10/4/15,47,53,41
USW00094746,"WORCESTER REGIONAL AIRPORT, MA US",10/5/15,49,59,44
USW00094746,"WORCESTER REGIONAL AIRPORT, MA US",10/6/15,55,66,45
USW00094746,"WORCESTER REGIONAL AIRPORT, MA US",10/7/15,56,66,47
USW00094746,"WORCESTER REGIONAL AIRPORT, MA US",10/8/15,55,62,48
USW00094746,"WORCESTER REGIONAL AIRPORT, MA US",10/9/15,56,65,48
USW00094746,"WORCESTER REGIONAL AIRPORT, MA US",10/10/15,51,58,40
USW00094746,"WORCESTER REGIONAL AIRPORT, MA US",10/11/15,51,64,41
USW00094746,"WORCESTER REGIONAL AIRPORT, MA US",10/12/15,59,74,48
USW00094746,"WORCESTER REGIONAL AIRPORT, MA US",10/13/15,58,68,51
USW00094746,"WORCESTER REGIONAL AIRPORT, MA US",10/14/15,56,63,42
USW00094746,"WORCESTER REGIONAL AIRPORT, MA US",10/15/15,47,56,38
USW00094746,"WORCESTER REGIONAL AIRPORT, MA US",10/16/15,49,57,42
USW00094746,"WORCESTER REGIONAL AIRPORT, MA US",10/17/15,44,49,35
USW00094746,"WORCESTER REGIONAL AIRPORT, MA US",10/18/15,35,40,27
USW00094746,"WORCESTER REGIONAL AIRPORT, MA US",10/19/15,33,45,24
USW00094746,"WORCESTER REGIONAL AIRPORT, MA US",10/20/15,49,63,43
USW00094746,"WORCESTER REGIONAL AIRPORT, MA US",10/21/15,57,64,50
USW00094746,"WORCESTER REGIONAL AIRPORT, MA US",10/22/15,58,71,50
USW00094746,"WORCESTER REGIONAL AIRPORT, MA US",10/23/15,46,51,35
USW00094746,"WORCESTER REGIONAL AIRPORT, MA US",10/24/15,38,44,32
USW00094746,"WORCESTER REGIONAL AIRPORT, MA US",10/25/15,48,56,42
USW00094746,"WORCESTER REGIONAL AIRPORT, MA US",10/26/15,44,53,33
USW00094746,"WORCESTER REGIONAL AIRPORT, MA US",10/27/15,44,54,34
USW00094746,"WORCESTER REGIONAL AIRPORT, MA US",10/28/15,44,64,38
USW00094746,"WORCESTER REGIONAL AIRPORT, MA US",10/29/15,63,70,50
USW00094746,"WORCESTER REGIONAL AIRPORT, MA US",10/30/15,49,55,36
USW00094746,"WORCESTER REGIONAL AIRPORT, MA US",10/31/15,41,51,31
USW00094746,"WORCESTER REGIONAL AIRPORT, MA US",11/1/15,49,57,44
USW00094746,"WORCESTER REGIONAL AIRPORT, MA US",11/2/15,52,61,46
USW00094746,"WORCESTER REGIONAL AIRPORT, MA US",11/3/15,55,67,41
USW00094746,"WORCESTER REGIONAL AIRPORT, MA US",11/4/15,57,65,49
USW00094746,"WORCESTER REGIONAL AIRPORT, MA US",11/5/15,58,70,50
USW00094746,"WORCESTER REGIONAL AIRPORT, MA US",11/6/15,64,70,59
USW00094746,"WORCESTER REGIONAL AIRPORT, MA US",11/7/15,56,62,43
USW00094746,"WORCESTER REGIONAL AIRPORT, MA US",11/8/15,44,51,37
USW00094746,"WORCESTER REGIONAL AIRPORT, MA US",11/9/15,44,55,34
USW00094746,"WORCESTER REGIONAL AIRPORT, MA US",11/10/15,47,53,42
USW00094746,"WORCESTER REGIONAL AIRPORT, MA US",11/11/15,43,45,41
USW00094746,"WORCESTER REGIONAL AIRPORT, MA US",11/12/15,44,53,41
USW00094746,"WORCESTER REGIONAL AIRPORT, MA US",11/13/15,49,54,40
USW00094746,"WORCESTER REGIONAL AIRPORT, MA US",11/14/15,38,41,31
USW00094746,"WORCESTER REGIONAL AIRPORT, MA US",11/15/15,38,50,30
USW00094746,"WORCESTER REGIONAL AIRPORT, MA US",11/16/15,47,57,35
USW00094746,"WORCESTER REGIONAL AIRPORT, MA US",11/17/15,37,45,29
USW00094746,"WORCESTER REGIONAL AIRPORT, MA US",11/18/15,38,46,29
USW00094746,"WORCESTER REGIONAL AIRPORT, MA US",11/19/15,44,53,40
USW00094746,"WORCESTER REGIONAL AIRPORT, MA US",11/20/15,52,57,37
USW00094746,"WORCESTER REGIONAL AIRPORT, MA US",11/21/15,39,45,32
USW00094746,"WORCESTER REGIONAL AIRPORT, MA US",11/22/15,39,47,35
USW00094746,"WORCESTER REGIONAL AIRPORT, MA US",11/23/15,34,38,23
USW00094746,"WORCESTER REGIONAL AIRPORT, MA US",11/24/15,29,39,23
USW00094746,"WORCESTER REGIONAL AIRPORT, MA US",11/25/15,35,43,27
USW00094746,"WORCESTER REGIONAL AIRPORT, MA US",11/26/15,43,54,36
USW00094746,"WORCESTER REGIONAL AIRPORT, MA US",11/27/15,52,61,47
USW00094746,"WORCESTER REGIONAL AIRPORT, MA US",11/28/15,49,54,33
USW00094746,"WORCESTER REGIONAL AIRPORT, MA US",11/29/15,34,42,25
USW00094746,"WORCESTER REGIONAL AIRPORT, MA US",11/30/15,29,34,22
USW00094746,"WORCESTER REGIONAL AIRPORT, MA US",12/1/15,32,36,28
USW00094746,"WORCESTER REGIONAL AIRPORT, MA US",12/2/15,40,50,35
USW00094746,"WORCESTER REGIONAL AIRPORT, MA US",12/3/15,44,49,34
USW00094746,"WORCESTER REGIONAL AIRPORT, MA US",12/4/15,38,43,32
USW00094746,"WORCESTER REGIONAL AIRPORT, MA US",12/5/15,39,50,28
USW00094746,"WORCESTER REGIONAL AIRPORT, MA US",12/6/15,42,54,33
USW00094746,"WORCESTER REGIONAL AIRPORT, MA US",12/7/15,43,53,36
USW00094746,"WORCESTER REGIONAL AIRPORT, MA US",12/8/15,36,37,33
USW00094746,"WORCESTER REGIONAL AIRPORT, MA US",12/9/15,37,44,32
USW00094746,"WORCESTER REGIONAL AIRPORT, MA US",12/10/15,45,55,40
USW00094746,"WORCESTER REGIONAL AIRPORT, MA US",12/11/15,45,54,40
USW00094746,"WORCESTER REGIONAL AIRPORT, MA US",12/12/15,50,56,45
USW00094746,"WORCESTER REGIONAL AIRPORT, MA US",12/13/15,50,54,43
USW00094746,"WORCESTER REGIONAL AIRPORT, MA US",12/14/15,44,54,42
USW00094746,"WORCESTER REGIONAL AIRPORT, MA US",12/15/15,52,60,42
USW00094746,"WORCESTER REGIONAL AIRPORT, MA US",12/16/15,39,42,34
USW00094746,"WORCESTER REGIONAL AIRPORT, MA US",12/17/15,38,48,35
USW00094746,"WORCESTER REGIONAL AIRPORT, MA US",12/18/15,44,49,33
USW00094746,"WORCESTER REGIONAL AIRPORT, MA US",12/19/15,32,34,27
USW00094746,"WORCESTER REGIONAL AIRPORT, MA US",12/20/15,30,36,26
USW00094746,"WORCESTER REGIONAL AIRPORT, MA US",12/21/15,37,48,30
USW00094746,"WORCESTER REGIONAL AIRPORT, MA US",12/22/15,49,56,45
USW00094746,"WORCESTER REGIONAL AIRPORT, MA US",12/23/15,50,53,44
USW00094746,"WORCESTER REGIONAL AIRPORT, MA US",12/24/15,54,65,47
USW00094746,"WORCESTER REGIONAL AIRPORT, MA US",12/25/15,55,60,47
USW00094746,"WORCESTER REGIONAL AIRPORT, MA US",12/26/15,46,52,39
USW00094746,"WORCESTER REGIONAL AIRPORT, MA US",12/27/15,45,54,33
USW00094746,"WORCESTER REGIONAL AIRPORT, MA US",12/28/15,31,33,24
USW00094746,"WORCESTER REGIONAL AIRPORT, MA US",12/29/15,25,31,21
USW00094746,"WORCESTER REGIONAL AIRPORT, MA US",12/30/15,25,32,23
USW00094746,"WORCESTER REGIONAL AIRPORT, MA US",12/31/15,35,40,32
USW00094746,"WORCESTER REGIONAL AIRPORT, MA US",1/1/16,33,35,27
USW00094746,"WORCESTER REGIONAL AIRPORT, MA US",1/2/16,29,34,26
USW00094746,"WORCESTER REGIONAL AIRPORT, MA US",1/3/16,31,38,25
USW00094746,"WORCESTER REGIONAL AIRPORT, MA US",1/4/16,24,30,5
USW00094746,"WORCESTER REGIONAL AIRPORT, MA US",1/5/16,11,24,3
USW00094746,"WORCESTER REGIONAL AIRPORT, MA US",1/6/16,25,39,17
USW00094746,"WORCESTER REGIONAL AIRPORT, MA US",1/7/16,31,39,21
USW00094746,"WORCESTER REGIONAL AIRPORT, MA US",1/8/16,31,33,28
USW00094746,"WORCESTER REGIONAL AIRPORT, MA US",1/9/16,33,36,31
USW00094746,"WORCESTER REGIONAL AIRPORT, MA US",1/10/16,42,56,34
USW00094746,"WORCESTER REGIONAL AIRPORT, MA US",1/11/16,33,43,19
USW00094746,"WORCESTER REGIONAL AIRPORT, MA US",1/12/16,22,32,14
USW00094746,"WORCESTER REGIONAL AIRPORT, MA US",1/13/16,23,27,15
USW00094746,"WORCESTER REGIONAL AIRPORT, MA US",1/14/16,18,24,14
USW00094746,"WORCESTER REGIONAL AIRPORT, MA US",1/15/16,26,34,19
USW00094746,"WORCESTER REGIONAL AIRPORT, MA US",1/16/16,33,37,30
USW00094746,"WORCESTER REGIONAL AIRPORT, MA US",1/17/16,30,32,23
USW00094746,"WORCESTER REGIONAL AIRPORT, MA US",1/18/16,22,24,13
USW00094746,"WORCESTER REGIONAL AIRPORT, MA US",1/19/16,15,18,11
USW00094746,"WORCESTER REGIONAL AIRPORT, MA US",1/20/16,19,28,13
USW00094746,"WORCESTER REGIONAL AIRPORT, MA US",1/21/16,21,29,13
USW00094746,"WORCESTER REGIONAL AIRPORT, MA US",1/22/16,19,27,13
USW00094746,"WORCESTER REGIONAL AIRPORT, MA US",1/23/16,20,21,17
USW00094746,"WORCESTER REGIONAL AIRPORT, MA US",1/24/16,25,35,19
USW00094746,"WORCESTER REGIONAL AIRPORT, MA US",1/25/16,28,35,20
USW00094746,"WORCESTER REGIONAL AIRPORT, MA US",1/26/16,35,44,26
USW00094746,"WORCESTER REGIONAL AIRPORT, MA US",1/27/16,38,42,25
USW00094746,"WORCESTER REGIONAL AIRPORT, MA US",1/28/16,28,38,19
USW00094746,"WORCESTER REGIONAL AIRPORT, MA US",1/29/16,32,37,27
USW00094746,"WORCESTER REGIONAL AIRPORT, MA US",1/30/16,29,37,23
USW00094746,"WORCESTER REGIONAL AIRPORT, MA US",1/31/16,40,53,33
USW00094746,"WORCESTER REGIONAL AIRPORT, MA US",2/1/16,45,58,36
USW00094746,"WORCESTER REGIONAL AIRPORT, MA US",2/2/16,38,45,29
USW00094746,"WORCESTER REGIONAL AIRPORT, MA US",2/3/16,39,54,31
USW00094746,"WORCESTER REGIONAL AIRPORT, MA US",2/4/16,50,54,38
USW00094746,"WORCESTER REGIONAL AIRPORT, MA US",2/5/16,32,38,20
USW00094746,"WORCESTER REGIONAL AIRPORT, MA US",2/6/16,24,33,15
USW00094746,"WORCESTER REGIONAL AIRPORT, MA US",2/7/16,31,42,24
USW00094746,"WORCESTER REGIONAL AIRPORT, MA US",2/8/16,23,31,15
USW00094746,"WORCESTER REGIONAL AIRPORT, MA US",2/9/16,19,27,14
USW00094746,"WORCESTER REGIONAL AIRPORT, MA US",2/10/16,24,32,16
USW00094746,"WORCESTER REGIONAL AIRPORT, MA US",2/11/16,20,23,4
USW00094746,"WORCESTER REGIONAL AIRPORT, MA US",2/12/16,9,19,-2
USW00094746,"WORCESTER REGIONAL AIRPORT, MA US",2/13/16,11,17,-10
USW00094746,"WORCESTER REGIONAL AIRPORT, MA US",2/14/16,-6,7,-16
USW00094746,"WORCESTER REGIONAL AIRPORT, MA US",2/15/16,6,20,-3
USW00094746,"WORCESTER REGIONAL AIRPORT, MA US",2/16/16,37,53,20
USW00094746,"WORCESTER REGIONAL AIRPORT, MA US",2/17/16,35,39,28
USW00094746,"WORCESTER REGIONAL AIRPORT, MA US",2/18/16,27,31,18
USW00094746,"WORCESTER REGIONAL AIRPORT, MA US",2/19/16,25,37,14
USW00094746,"WORCESTER REGIONAL AIRPORT, MA US",2/20/16,40,55,29
USW00094746,"WORCESTER REGIONAL AIRPORT, MA US",2/21/16,45,51,35
USW00094746,"WORCESTER REGIONAL AIRPORT, MA US",2/22/16,36,42,25
USW00094746,"WORCESTER REGIONAL AIRPORT, MA US",2/23/16,27,34,21
USW00094746,"WORCESTER REGIONAL AIRPORT, MA US",2/24/16,31,60,29
USW00094746,"WORCESTER REGIONAL AIRPORT, MA US",2/25/16,51,61,34
USW00094746,"WORCESTER REGIONAL AIRPORT, MA US",2/26/16,30,34,20
USW00094746,"WORCESTER REGIONAL AIRPORT, MA US",2/27/16,24,34,15
USW00094746,"WORCESTER REGIONAL AIRPORT, MA US",2/28/16,39,55,32
USW00094746,"WORCESTER REGIONAL AIRPORT, MA US",2/29/16,44,57,38
USW00094746,"WORCESTER REGIONAL AIRPORT, MA US",3/1/16,35,44,26
USW00094746,"WORCESTER REGIONAL AIRPORT, MA US",3/2/16,35,49,19
USW00094746,"WORCESTER REGIONAL AIRPORT, MA US",3/3/16,22,29,16
USW00094746,"WORCESTER REGIONAL AIRPORT, MA US",3/4/16,23,29,20
USW00094746,"WORCESTER REGIONAL AIRPORT, MA US",3/5/16,25,34,19
USW00094746,"WORCESTER REGIONAL AIRPORT, MA US",3/6/16,31,39,24
USW00094746,"WORCESTER REGIONAL AIRPORT, MA US",3/7/16,35,48,24
USW00094746,"WORCESTER REGIONAL AIRPORT, MA US",3/8/16,45,57,34
USW00094746,"WORCESTER REGIONAL AIRPORT, MA US",3/9/16,54,74,38
USW00094746,"WORCESTER REGIONAL AIRPORT, MA US",3/10/16,61,64,51
USW00094746,"WORCESTER REGIONAL AIRPORT, MA US",3/11/16,52,55,37
USW00094746,"WORCESTER REGIONAL AIRPORT, MA US",3/12/16,43,56,29
USW00094746,"WORCESTER REGIONAL AIRPORT, MA US",3/13/16,52,61,47
USW00094746,"WORCESTER REGIONAL AIRPORT, MA US",3/14/16,40,47,34
USW00094746,"WORCESTER REGIONAL AIRPORT, MA US",3/15/16,40,43,37
USW00094746,"WORCESTER REGIONAL AIRPORT, MA US",3/16/16,45,55,39
USW00094746,"WORCESTER REGIONAL AIRPORT, MA US",3/17/16,46,59,38
USW00094746,"WORCESTER REGIONAL AIRPORT, MA US",3/18/16,41,47,31
USW00094746,"WORCESTER REGIONAL AIRPORT, MA US",3/19/16,32,40,24
USW00094746,"WORCESTER REGIONAL AIRPORT, MA US",3/20/16,29,37,20
USW00094746,"WORCESTER REGIONAL AIRPORT, MA US",3/21/16,31,43,25
USW00094746,"WORCESTER REGIONAL AIRPORT, MA US",3/22/16,34,45,27
USW00094746,"WORCESTER REGIONAL AIRPORT, MA US",3/23/16,47,60,39
USW00094746,"WORCESTER REGIONAL AIRPORT, MA US",3/24/16,38,40,32
USW00094746,"WORCESTER REGIONAL AIRPORT, MA US",3/25/16,39,61,32
USW00094746,"WORCESTER REGIONAL AIRPORT, MA US",3/26/16,39,47,31
USW00094746,"WORCESTER REGIONAL AIRPORT, MA US",3/27/16,37,50,31
USW00094746,"WORCESTER REGIONAL AIRPORT, MA US",3/28/16,37,42,33
USW00094746,"WORCESTER REGIONAL AIRPORT, MA US",3/29/16,40,46,32
USW00094746,"WORCESTER REGIONAL AIRPORT, MA US",3/30/16,40,55,27
USW00094746,"WORCESTER REGIONAL AIRPORT, MA US",3/31/16,51,66,40
USW00094746,"WORCESTER REGIONAL AIRPORT, MA US",4/1/16,61,68,55
USW00094746,"WORCESTER REGIONAL AIRPORT, MA US",4/2/16,44,50,35
USW00094746,"WORCESTER REGIONAL AIRPORT, MA US",4/3/16,31,38,21
USW00094746,"WORCESTER REGIONAL AIRPORT, MA US",4/4/16,21,22,19
USW00094746,"WORCESTER REGIONAL AIRPORT, MA US",4/5/16,24,34,17
USW00094746,"WORCESTER REGIONAL AIRPORT, MA US",4/6/16,28,38,18
USW00094746,"WORCESTER REGIONAL AIRPORT, MA US",4/7/16,45,52,38
USW00094746,"WORCESTER REGIONAL AIRPORT, MA US",4/8/16,43,45,30
USW00094746,"WORCESTER REGIONAL AIRPORT, MA US",4/9/16,35,44,27
USW00094746,"WORCESTER REGIONAL AIRPORT, MA US",4/10/16,34,44,26
USW00094746,"WORCESTER REGIONAL AIRPORT, MA US",4/11/16,43,55,37
USW00094746,"WORCESTER REGIONAL AIRPORT, MA US",4/12/16,49,53,33
USW00094746,"WORCESTER REGIONAL AIRPORT, MA US",4/13/16,41,53,30
USW00094746,"WORCESTER REGIONAL AIRPORT, MA US",4/14/16,43,54,35
USW00094746,"WORCESTER REGIONAL AIRPORT, MA US",4/15/16,45,57,35
USW00094746,"WORCESTER REGIONAL AIRPORT, MA US",4/16/16,47,57,38
USW00094746,"WORCESTER REGIONAL AIRPORT, MA US",4/17/16,51,67,39
USW00094746,"WORCESTER REGIONAL AIRPORT, MA US",4/18/16,60,72,46
USW00094746,"WORCESTER REGIONAL AIRPORT, MA US",4/19/16,50,59,41
USW00094746,"WORCESTER REGIONAL AIRPORT, MA US",4/20/16,48,58,39
USW00094746,"WORCESTER REGIONAL AIRPORT, MA US",4/21/16,51,71,38
USW00094746,"WORCESTER REGIONAL AIRPORT, MA US",4/22/16,66,79,58
USW00094746,"WORCESTER REGIONAL AIRPORT, MA US",4/23/16,59,63,46
USW00094746,"WORCESTER REGIONAL AIRPORT, MA US",4/24/16,51,57,41
USW00094746,"WORCESTER REGIONAL AIRPORT, MA US",4/25/16,49,58,43
USW00094746,"WORCESTER REGIONAL AIRPORT, MA US",4/26/16,42,50,32
USW00094746,"WORCESTER REGIONAL AIRPORT, MA US",4/27/16,43,58,31
USW00094746,"WORCESTER REGIONAL AIRPORT, MA US",4/28/16,47,57,33
USW00094746,"WORCESTER REGIONAL AIRPORT, MA US",4/29/16,46,56,37
USW00094746,"WORCESTER REGIONAL AIRPORT, MA US",4/30/16,49,61,37
USW00094746,"WORCESTER REGIONAL AIRPORT, MA US",5/1/16,45,50,37
USW00094746,"WORCESTER REGIONAL AIRPORT, MA US",5/2/16,42,48,38
USW00094746,"WORCESTER REGIONAL AIRPORT, MA US",5/3/16,46,49,43
USW00094746,"WORCESTER REGIONAL AIRPORT, MA US",5/4/16,44,46,39
USW00094746,"WORCESTER REGIONAL AIRPORT, MA US",5/5/16,41,45,39
USW00094746,"WORCESTER REGIONAL AIRPORT, MA US",5/6/16,47,59,43
USW00094746,"WORCESTER REGIONAL AIRPORT, MA US",5/7/16,45,49,43
USW00094746,"WORCESTER REGIONAL AIRPORT, MA US",5/8/16,50,58,45
USW00094746,"WORCESTER REGIONAL AIRPORT, MA US",5/9/16,51,61,42
USW00094746,"WORCESTER REGIONAL AIRPORT, MA US",5/10/16,52,67,38
USW00094746,"WORCESTER REGIONAL AIRPORT, MA US",5/11/16,62,75,48
USW00094746,"WORCESTER REGIONAL AIRPORT, MA US",5/12/16,65,76,55
USW00094746,"WORCESTER REGIONAL AIRPORT, MA US",5/13/16,60,70,50
USW00094746,"WORCESTER REGIONAL AIRPORT, MA US",5/14/16,62,72,52
USW00094746,"WORCESTER REGIONAL AIRPORT, MA US",5/15/16,49,54,38
USW00094746,"WORCESTER REGIONAL AIRPORT, MA US",5/16/16,44,58,35
USW00094746,"WORCESTER REGIONAL AIRPORT, MA US",5/17/16,61,65,52
USW00094746,"WORCESTER REGIONAL AIRPORT, MA US",5/18/16,56,67,49
USW00094746,"WORCESTER REGIONAL AIRPORT, MA US",5/19/16,56,64,47
USW00094746,"WORCESTER REGIONAL AIRPORT, MA US",5/20/16,57,71,45
USW00094746,"WORCESTER REGIONAL AIRPORT, MA US",5/21/16,60,68,50
USW00094746,"WORCESTER REGIONAL AIRPORT, MA US",5/22/16,58,65,53
USW00094746,"WORCESTER REGIONAL AIRPORT, MA US",5/23/16,70,75,53
USW00094746,"WORCESTER REGIONAL AIRPORT, MA US",5/24/16,57,59,53
USW00094746,"WORCESTER REGIONAL AIRPORT, MA US",5/25/16,65,84,49
USW00094746,"WORCESTER REGIONAL AIRPORT, MA US",5/26/16,74,86,62
USW00094746,"WORCESTER REGIONAL AIRPORT, MA US",5/27/16,71,84,59
USW00094746,"WORCESTER REGIONAL AIRPORT, MA US",5/28/16,75,89,63
USW00094746,"WORCESTER REGIONAL AIRPORT, MA US",5/29/16,65,72,53
USW00094746,"WORCESTER REGIONAL AIRPORT, MA US",5/30/16,61,76,52
USW00094746,"WORCESTER REGIONAL AIRPORT, MA US",5/31/16,72,81,65
USW00094746,"WORCESTER REGIONAL AIRPORT, MA US",6/1/16,69,76,54
USW00094746,"WORCESTER REGIONAL AIRPORT, MA US",6/2/16,59,73,51
USW00094746,"WORCESTER REGIONAL AIRPORT, MA US",6/3/16,61,68,56
USW00094746,"WORCESTER REGIONAL AIRPORT, MA US",6/4/16,70,81,61
USW00094746,"WORCESTER REGIONAL AIRPORT, MA US",6/5/16,63,64,59
USW00094746,"WORCESTER REGIONAL AIRPORT, MA US",6/6/16,68,78,60
USW00094746,"WORCESTER REGIONAL AIRPORT, MA US",6/7/16,69,79,56
USW00094746,"WORCESTER REGIONAL AIRPORT, MA US",6/8/16,59,66,51
USW00094746,"WORCESTER REGIONAL AIRPORT, MA US",6/9/16,55,63,48
USW00094746,"WORCESTER REGIONAL AIRPORT, MA US",6/10/16,57,69,49
USW00094746,"WORCESTER REGIONAL AIRPORT, MA US",6/11/16,58,64,53
USW00094746,"WORCESTER REGIONAL AIRPORT, MA US",6/12/16,63,72,49
USW00094746,"WORCESTER REGIONAL AIRPORT, MA US",6/13/16,56,67,49
USW00094746,"WORCESTER REGIONAL AIRPORT, MA US",6/14/16,61,75,49
USW00094746,"WORCESTER REGIONAL AIRPORT, MA US",6/15/16,68,79,57
USW00094746,"WORCESTER REGIONAL AIRPORT, MA US",6/16/16,71,79,61
USW00094746,"WORCESTER REGIONAL AIRPORT, MA US",6/17/16,67,76,56
USW00094746,"WORCESTER REGIONAL AIRPORT, MA US",6/18/16,67,79,54
USW00094746,"WORCESTER REGIONAL AIRPORT, MA US",6/19/16,67,80,54
USW00094746,"WORCESTER REGIONAL AIRPORT, MA US",6/20/16,68,82,57
USW00094746,"WORCESTER REGIONAL AIRPORT, MA US",6/21/16,70,79,57
USW00094746,"WORCESTER REGIONAL AIRPORT, MA US",6/22/16,65,75,53
USW00094746,"WORCESTER REGIONAL AIRPORT, MA US",6/23/16,66,79,53
USW00094746,"WORCESTER REGIONAL AIRPORT, MA US",6/24/16,70,79,59
USW00094746,"WORCESTER REGIONAL AIRPORT, MA US",6/25/16,69,81,57
USW00094746,"WORCESTER REGIONAL AIRPORT, MA US",6/26/16,71,84,58
USW00094746,"WORCESTER REGIONAL AIRPORT, MA US",6/27/16,69,80,58
USW00094746,"WORCESTER REGIONAL AIRPORT, MA US",6/28/16,68,74,64
USW00094746,"WORCESTER REGIONAL AIRPORT, MA US",6/29/16,71,81,66
USW00094746,"WORCESTER REGIONAL AIRPORT, MA US",6/30/16,71,81,61
USW00094746,"WORCESTER REGIONAL AIRPORT, MA US",7/1/16,70,80,61
USW00094746,"WORCESTER REGIONAL AIRPORT, MA US",7/2/16,67,73,56
USW00094746,"WORCESTER REGIONAL AIRPORT, MA US",7/3/16,66,78,55
USW00094746,"WORCESTER REGIONAL AIRPORT, MA US",7/4/16,70,83,57
USW00094746,"WORCESTER REGIONAL AIRPORT, MA US",7/5/16,71,83,63
USW00094746,"WORCESTER REGIONAL AIRPORT, MA US",7/6/16,77,89,66
USW00094746,"WORCESTER REGIONAL AIRPORT, MA US",7/7/16,74,83,69
USW00094746,"WORCESTER REGIONAL AIRPORT, MA US",7/8/16,67,72,58
USW00094746,"WORCESTER REGIONAL AIRPORT, MA US",7/9/16,58,61,56
USW00094746,"WORCESTER REGIONAL AIRPORT, MA US",7/10/16,59,67,56
USW00094746,"WORCESTER REGIONAL AIRPORT, MA US",7/11/16,63,75,57
USW00094746,"WORCESTER REGIONAL AIRPORT, MA US",7/12/16,70,81,60
USW00094746,"WORCESTER REGIONAL AIRPORT, MA US",7/13/16,74,86,64
USW00094746,"WORCESTER REGIONAL AIRPORT, MA US",7/14/16,72,80,66
USW00094746,"WORCESTER REGIONAL AIRPORT, MA US",7/15/16,77,88,69
USW00094746,"WORCESTER REGIONAL AIRPORT, MA US",7/16/16,76,85,67
USW00094746,"WORCESTER REGIONAL AIRPORT, MA US",7/17/16,76,84,68
USW00094746,"WORCESTER REGIONAL AIRPORT, MA US",7/18/16,76,88,65
USW00094746,"WORCESTER REGIONAL AIRPORT, MA US",7/19/16,72,78,58
USW00094746,"WORCESTER REGIONAL AIRPORT, MA US",7/20/16,67,79,56
USW00094746,"WORCESTER REGIONAL AIRPORT, MA US",7/21/16,72,85,60
USW00094746,"WORCESTER REGIONAL AIRPORT, MA US",7/22/16,78,92,68
USW00094746,"WORCESTER REGIONAL AIRPORT, MA US",7/23/16,78,89,67
USW00094746,"WORCESTER REGIONAL AIRPORT, MA US",7/24/16,74,86,64
USW00094746,"WORCESTER REGIONAL AIRPORT, MA US",7/25/16,78,90,67
USW00094746,"WORCESTER REGIONAL AIRPORT, MA US",7/26/16,78,87,69
USW00094746,"WORCESTER REGIONAL AIRPORT, MA US",7/27/16,78,89,66
USW00094746,"WORCESTER REGIONAL AIRPORT, MA US",7/28/16,78,87,68
USW00094746,"WORCESTER REGIONAL AIRPORT, MA US",7/29/16,74,84,67
USW00094746,"WORCESTER REGIONAL AIRPORT, MA US",7/30/16,73,83,64
USW00094746,"WORCESTER REGIONAL AIRPORT, MA US",7/31/16,67,69,63
USW00094746,"WORCESTER REGIONAL AIRPORT, MA US",8/1/16,67,74,64
USW00094746,"WORCESTER REGIONAL AIRPORT, MA US",8/2/16,65,72,61
USW00094746,"WORCESTER REGIONAL AIRPORT, MA US",8/3/16,68,78,58
USW00094746,"WORCESTER REGIONAL AIRPORT, MA US",8/4/16,70,81,60
USW00094746,"WORCESTER REGIONAL AIRPORT, MA US",8/5/16,71,82,60
USW00094746,"WORCESTER REGIONAL AIRPORT, MA US",8/6/16,72,83,65
USW00094746,"WORCESTER REGIONAL AIRPORT, MA US",8/7/16,73,81,64
USW00094746,"WORCESTER REGIONAL AIRPORT, MA US",8/8/16,72,81,64
USW00094746,"WORCESTER REGIONAL AIRPORT, MA US",8/9/16,74,84,63
USW00094746,"WORCESTER REGIONAL AIRPORT, MA US",8/10/16,70,77,65
USW00094746,"WORCESTER REGIONAL AIRPORT, MA US",8/11/16,79,89,71
USW00094746,"WORCESTER REGIONAL AIRPORT, MA US",8/12/16,78,90,72
USW00094746,"WORCESTER REGIONAL AIRPORT, MA US",8/13/16,75,83,66
USW00094746,"WORCESTER REGIONAL AIRPORT, MA US",8/14/16,76,89,67
USW00094746,"WORCESTER REGIONAL AIRPORT, MA US",8/15/16,75,83,67
USW00094746,"WORCESTER REGIONAL AIRPORT, MA US",8/16/16,72,79,66
USW00094746,"WORCESTER REGIONAL AIRPORT, MA US",8/17/16,75,78,64
USW00094746,"WORCESTER REGIONAL AIRPORT, MA US",8/18/16,72,84,63
USW00094746,"WORCESTER REGIONAL AIRPORT, MA US",8/19/16,74,83,67
USW00094746,"WORCESTER REGIONAL AIRPORT, MA US",8/20/16,72,81,65
USW00094746,"WORCESTER REGIONAL AIRPORT, MA US",8/21/16,71,81,65
USW00094746,"WORCESTER REGIONAL AIRPORT, MA US",8/22/16,69,73,56
USW00094746,"WORCESTER REGIONAL AIRPORT, MA US",8/23/16,63,75,54
USW00094746,"WORCESTER REGIONAL AIRPORT, MA US",8/24/16,69,81,59
USW00094746,"WORCESTER REGIONAL AIRPORT, MA US",8/25/16,71,81,64
USW00094746,"WORCESTER REGIONAL AIRPORT, MA US",8/26/16,74,85,66
USW00094746,"WORCESTER REGIONAL AIRPORT, MA US",8/27/16,75,83,66
USW00094746,"WORCESTER REGIONAL AIRPORT, MA US",8/28/16,71,80,63
USW00094746,"WORCESTER REGIONAL AIRPORT, MA US",8/29/16,72,83,64
USW00094746,"WORCESTER REGIONAL AIRPORT, MA US",8/30/16,69,77,57
USW00094746,"WORCESTER REGIONAL AIRPORT, MA US",8/31/16,68,75,62
USW00094746,"WORCESTER REGIONAL AIRPORT, MA US",9/1/16,69,76,63
USW00094746,"WORCESTER REGIONAL AIRPORT, MA US",9/2/16,67,77,58
USW00094746,"WORCESTER REGIONAL AIRPORT, MA US",9/3/16,64,71,55
USW00094746,"WORCESTER REGIONAL AIRPORT, MA US",9/4/16,64,74,56
USW00094746,"WORCESTER REGIONAL AIRPORT, MA US",9/5/16,62,74,55
USW00094746,"WORCESTER REGIONAL AIRPORT, MA US",9/6/16,63,67,57
USW00094746,"WORCESTER REGIONAL AIRPORT, MA US",9/7/16,67,74,65
USW00094746,"WORCESTER REGIONAL AIRPORT, MA US",9/8/16,70,80,66
USW00094746,"WORCESTER REGIONAL AIRPORT, MA US",9/9/16,76,87,70
USW00094746,"WORCESTER REGIONAL AIRPORT, MA US",9/10/16,73,81,68
USW00094746,"WORCESTER REGIONAL AIRPORT, MA US",9/11/16,71,75,59
USW00094746,"WORCESTER REGIONAL AIRPORT, MA US",9/12/16,63,73,51
USW00094746,"WORCESTER REGIONAL AIRPORT, MA US",9/13/16,65,78,54
USW00094746,"WORCESTER REGIONAL AIRPORT, MA US",9/14/16,68,83,56
USW00094746,"WORCESTER REGIONAL AIRPORT, MA US",9/15/16,60,68,51
USW00094746,"WORCESTER REGIONAL AIRPORT, MA US",9/16/16,59,70,50
USW00094746,"WORCESTER REGIONAL AIRPORT, MA US",9/17/16,60,73,50
USW00094746,"WORCESTER REGIONAL AIRPORT, MA US",9/18/16,68,76,62
USW00094746,"WORCESTER REGIONAL AIRPORT, MA US",9/19/16,68,70,63
USW00094746,"WORCESTER REGIONAL AIRPORT, MA US",9/20/16,68,78,61
USW00094746,"WORCESTER REGIONAL AIRPORT, MA US",9/21/16,68,77,62
USW00094746,"WORCESTER REGIONAL AIRPORT, MA US",9/22/16,71,81,61
USW00094746,"WORCESTER REGIONAL AIRPORT, MA US",9/23/16,66,77,52
USW00094746,"WORCESTER REGIONAL AIRPORT, MA US",9/24/16,56,63,48
USW00094746,"WORCESTER REGIONAL AIRPORT, MA US",9/25/16,53,62,42
USW00094746,"WORCESTER REGIONAL AIRPORT, MA US",9/26/16,53,64,40
USW00094746,"WORCESTER REGIONAL AIRPORT, MA US",9/27/16,61,69,56
USW00094746,"WORCESTER REGIONAL AIRPORT, MA US",9/28/16,55,58,51
USW00094746,"WORCESTER REGIONAL AIRPORT, MA US",9/29/16,52,58,48
USW00094746,"WORCESTER REGIONAL AIRPORT, MA US",9/30/16,51,55,48
USW00094746,"WORCESTER REGIONAL AIRPORT, MA US",10/1/16,50,51,48
USW00094746,"WORCESTER REGIONAL AIRPORT, MA US",10/2/16,50,53,48
USW00094746,"WORCESTER REGIONAL AIRPORT, MA US",10/3/16,58,68,52
USW00094746,"WORCESTER REGIONAL AIRPORT, MA US",10/4/16,54,60,47
USW00094746,"WORCESTER REGIONAL AIRPORT, MA US",10/5/16,52,63,43
USW00094746,"WORCESTER REGIONAL AIRPORT, MA US",10/6/16,56,71,44
USW00094746,"WORCESTER REGIONAL AIRPORT, MA US",10/7/16,62,72,54
USW00094746,"WORCESTER REGIONAL AIRPORT, MA US",10/8/16,58,66,49
USW00094746,"WORCESTER REGIONAL AIRPORT, MA US",10/9/16,54,61,44
USW00094746,"WORCESTER REGIONAL AIRPORT, MA US",10/10/16,47,56,41
USW00094746,"WORCESTER REGIONAL AIRPORT, MA US",10/11/16,49,61,38
USW00094746,"WORCESTER REGIONAL AIRPORT, MA US",10/12/16,53,63,46
USW00094746,"WORCESTER REGIONAL AIRPORT, MA US",10/13/16,56,65,48
USW00094746,"WORCESTER REGIONAL AIRPORT, MA US",10/14/16,49,56,38
USW00094746,"WORCESTER REGIONAL AIRPORT, MA US",10/15/16,47,57,38
USW00094746,"WORCESTER REGIONAL AIRPORT, MA US",10/16/16,53,65,45
USW00094746,"WORCESTER REGIONAL AIRPORT, MA US",10/17/16,62,71,54
USW00094746,"WORCESTER REGIONAL AIRPORT, MA US",10/18/16,60,73,52
USW00094746,"WORCESTER REGIONAL AIRPORT, MA US",10/19/16,67,74,55
USW00094746,"WORCESTER REGIONAL AIRPORT, MA US",10/20/16,56,63,50
USW00094746,"WORCESTER REGIONAL AIRPORT, MA US",10/21/16,59,70,53
USW00094746,"WORCESTER REGIONAL AIRPORT, MA US",10/22/16,55,63,37
USW00094746,"WORCESTER REGIONAL AIRPORT, MA US",10/23/16,44,54,38
USW00094746,"WORCESTER REGIONAL AIRPORT, MA US",10/24/16,48,54,37
USW00094746,"WORCESTER REGIONAL AIRPORT, MA US",10/25/16,39,44,33
USW00094746,"WORCESTER REGIONAL AIRPORT, MA US",10/26/16,36,43,29
USW00094746,"WORCESTER REGIONAL AIRPORT, MA US",10/27/16,34,41,29
USW00094746,"WORCESTER REGIONAL AIRPORT, MA US",10/28/16,41,45,40
USW00094746,"WORCESTER REGIONAL AIRPORT, MA US",10/29/16,43,54,37
USW00094746,"WORCESTER REGIONAL AIRPORT, MA US",10/30/16,55,59,42
USW00094746,"WORCESTER REGIONAL AIRPORT, MA US",10/31/16,42,47,33
USW00094746,"WORCESTER REGIONAL AIRPORT, MA US",11/1/16,39,52,31
USW00094746,"WORCESTER REGIONAL AIRPORT, MA US",11/2/16,53,67,45
USW00094746,"WORCESTER REGIONAL AIRPORT, MA US",11/3/16,57,62,47
USW00094746,"WORCESTER REGIONAL AIRPORT, MA US",11/4/16,47,52,35
USW00094746,"WORCESTER REGIONAL AIRPORT, MA US",11/5/16,40,50,30
USW00094746,"WORCESTER REGIONAL AIRPORT, MA US",11/6/16,43,47,37
USW00094746,"WORCESTER REGIONAL AIRPORT, MA US",11/7/16,39,48,33
USW00094746,"WORCESTER REGIONAL AIRPORT, MA US",11/8/16,48,64,36
USW00094746,"WORCESTER REGIONAL AIRPORT, MA US",11/9/16,51,55,39
USW00094746,"WORCESTER REGIONAL AIRPORT, MA US",11/10/16,41,49,30
USW00094746,"WORCESTER REGIONAL AIRPORT, MA US",11/11/16,46,56,34
USW00094746,"WORCESTER REGIONAL AIRPORT, MA US",11/12/16,36,43,29
USW00094746,"WORCESTER REGIONAL AIRPORT, MA US",11/13/16,44,56,38
USW00094746,"WORCESTER REGIONAL AIRPORT, MA US",11/14/16,49,59,42
USW00094746,"WORCESTER REGIONAL AIRPORT, MA US",11/15/16,47,50,43
USW00094746,"WORCESTER REGIONAL AIRPORT, MA US",11/16/16,47,49,41
USW00094746,"WORCESTER REGIONAL AIRPORT, MA US",11/17/16,45,52,39
USW00094746,"WORCESTER REGIONAL AIRPORT, MA US",11/18/16,48,62,38
USW00094746,"WORCESTER REGIONAL AIRPORT, MA US",11/19/16,51,58,43
USW00094746,"WORCESTER REGIONAL AIRPORT, MA US",11/20/16,39,43,27
USW00094746,"WORCESTER REGIONAL AIRPORT, MA US",11/21/16,28,31,25
USW00094746,"WORCESTER REGIONAL AIRPORT, MA US",11/22/16,29,35,26
USW00094746,"WORCESTER REGIONAL AIRPORT, MA US",11/23/16,31,39,25
USW00094746,"WORCESTER REGIONAL AIRPORT, MA US",11/24/16,32,36,29
USW00094746,"WORCESTER REGIONAL AIRPORT, MA US",11/25/16,36,42,34
USW00094746,"WORCESTER REGIONAL AIRPORT, MA US",11/26/16,40,45,34
USW00094746,"WORCESTER REGIONAL AIRPORT, MA US",11/27/16,36,41,30
USW00094746,"WORCESTER REGIONAL AIRPORT, MA US",11/28/16,33,43,27
USW00094746,"WORCESTER REGIONAL AIRPORT, MA US",11/29/16,38,56,34
USW00094746,"WORCESTER REGIONAL AIRPORT, MA US",11/30/16,50,55,43
USW00094746,"WORCESTER REGIONAL AIRPORT, MA US",12/1/16,45,50,36
USW00094746,"WORCESTER REGIONAL AIRPORT, MA US",12/2/16,38,44,33
USW00094746,"WORCESTER REGIONAL AIRPORT, MA US",12/3/16,36,40,29
USW00094746,"WORCESTER REGIONAL AIRPORT, MA US",12/4/16,31,37,27
USW00094746,"WORCESTER REGIONAL AIRPORT, MA US",12/5/16,29,35,25
USW00094746,"WORCESTER REGIONAL AIRPORT, MA US",12/6/16,34,40,27
USW00094746,"WORCESTER REGIONAL AIRPORT, MA US",12/7/16,34,38,31
USW00094746,"WORCESTER REGIONAL AIRPORT, MA US",12/8/16,33,37,29
USW00094746,"WORCESTER REGIONAL AIRPORT, MA US",12/9/16,28,30,20
USW00094746,"WORCESTER REGIONAL AIRPORT, MA US",12/10/16,20,26,15
USW00094746,"WORCESTER REGIONAL AIRPORT, MA US",12/11/16,22,30,15
USW00094746,"WORCESTER REGIONAL AIRPORT, MA US",12/12/16,31,38,25
USW00094746,"WORCESTER REGIONAL AIRPORT, MA US",12/13/16,33,37,29
USW00094746,"WORCESTER REGIONAL AIRPORT, MA US",12/14/16,31,34,20
USW00094746,"WORCESTER REGIONAL AIRPORT, MA US",12/15/16,20,27,10
USW00094746,"WORCESTER REGIONAL AIRPORT, MA US",12/16/16,9,16,-1
USW00094746,"WORCESTER REGIONAL AIRPORT, MA US",12/17/16,20,33,15
USW00094746,"WORCESTER REGIONAL AIRPORT, MA US",12/18/16,39,52,25
USW00094746,"WORCESTER REGIONAL AIRPORT, MA US",12/19/16,21,25,14
USW00094746,"WORCESTER REGIONAL AIRPORT, MA US",12/20/16,19,28,10
USW00094746,"WORCESTER REGIONAL AIRPORT, MA US",12/21/16,28,36,22
USW00094746,"WORCESTER REGIONAL AIRPORT, MA US",12/22/16,31,38,25
USW00094746,"WORCESTER REGIONAL AIRPORT, MA US",12/23/16,34,41,28
USW00094746,"WORCESTER REGIONAL AIRPORT, MA US",12/24/16,36,39,33
USW00094746,"WORCESTER REGIONAL AIRPORT, MA US",12/25/16,35,41,24
USW00094746,"WORCESTER REGIONAL AIRPORT, MA US",12/26/16,26,43,19
USW00094746,"WORCESTER REGIONAL AIRPORT, MA US",12/27/16,45,52,32
USW00094746,"WORCESTER REGIONAL AIRPORT, MA US",12/28/16,33,36,27
USW00094746,"WORCESTER REGIONAL AIRPORT, MA US",12/29/16,29,33,26
USW00094746,"WORCESTER REGIONAL AIRPORT, MA US",12/30/16,30,33,21
USW00094746,"WORCESTER REGIONAL AIRPORT, MA US",12/31/16,25,36,17
USW00094746,"WORCESTER REGIONAL AIRPORT, MA US",1/1/17,33,37,25
USW00094746,"WORCESTER REGIONAL AIRPORT, MA US",1/2/17,30,34,22
USW00094746,"WORCESTER REGIONAL AIRPORT, MA US",1/3/17,34,38,32
USW00094746,"WORCESTER REGIONAL AIRPORT, MA US",1/4/17,37,41,26
USW00094746,"WORCESTER REGIONAL AIRPORT, MA US",1/5/17,25,26,19
USW00094746,"WORCESTER REGIONAL AIRPORT, MA US",1/6/17,22,26,15
USW00094746,"WORCESTER REGIONAL AIRPORT, MA US",1/7/17,17,18,14
USW00094746,"WORCESTER REGIONAL AIRPORT, MA US",1/8/17,12,17,6
USW00094746,"WORCESTER REGIONAL AIRPORT, MA US",1/9/17,9,15,2
USW00094746,"WORCESTER REGIONAL AIRPORT, MA US",1/10/17,19,40,10
USW00094746,"WORCESTER REGIONAL AIRPORT, MA US",1/11/17,42,48,37
USW00094746,"WORCESTER REGIONAL AIRPORT, MA US",1/12/17,47,57,39
USW00094746,"WORCESTER REGIONAL AIRPORT, MA US",1/13/17,41,54,21
USW00094746,"WORCESTER REGIONAL AIRPORT, MA US",1/14/17,22,27,14
USW00094746,"WORCESTER REGIONAL AIRPORT, MA US",1/15/17,26,34,20
USW00094746,"WORCESTER REGIONAL AIRPORT, MA US",1/16/17,27,36,18
USW00094746,"WORCESTER REGIONAL AIRPORT, MA US",1/17/17,34,38,31
USW00094746,"WORCESTER REGIONAL AIRPORT, MA US",1/18/17,31,32,30
USW00094746,"WORCESTER REGIONAL AIRPORT, MA US",1/19/17,34,41,30
USW00094746,"WORCESTER REGIONAL AIRPORT, MA US",1/20/17,34,36,28
USW00094746,"WORCESTER REGIONAL AIRPORT, MA US",1/21/17,39,50,32
USW00094746,"WORCESTER REGIONAL AIRPORT, MA US",1/22/17,42,47,34
USW00094746,"WORCESTER REGIONAL AIRPORT, MA US",1/23/17,31,34,28
USW00094746,"WORCESTER REGIONAL AIRPORT, MA US",1/24/17,30,34,27
USW00094746,"WORCESTER REGIONAL AIRPORT, MA US",1/25/17,33,39,30
USW00094746,"WORCESTER REGIONAL AIRPORT, MA US",1/26/17,38,45,34
USW00094746,"WORCESTER REGIONAL AIRPORT, MA US",1/27/17,35,37,31
USW00094746,"WORCESTER REGIONAL AIRPORT, MA US",1/28/17,32,34,28
USW00094746,"WORCESTER REGIONAL AIRPORT, MA US",1/29/17,31,37,26
USW00094746,"WORCESTER REGIONAL AIRPORT, MA US",1/30/17,26,30,18
USW00094746,"WORCESTER REGIONAL AIRPORT, MA US",1/31/17,19,24,13
USW00094746,"WORCESTER REGIONAL AIRPORT, MA US",2/1/17,27,36,22
USW00094746,"WORCESTER REGIONAL AIRPORT, MA US",2/2/17,29,34,22
USW00094746,"WORCESTER REGIONAL AIRPORT, MA US",2/3/17,22,27,16
USW00094746,"WORCESTER REGIONAL AIRPORT, MA US",2/4/17,20,28,12
USW00094746,"WORCESTER REGIONAL AIRPORT, MA US",2/5/17,26,36,19
USW00094746,"WORCESTER REGIONAL AIRPORT, MA US",2/6/17,30,34,26
USW00094746,"WORCESTER REGIONAL AIRPORT, MA US",2/7/17,28,30,23
USW00094746,"WORCESTER REGIONAL AIRPORT, MA US",2/8/17,32,46,22
USW00094746,"WORCESTER REGIONAL AIRPORT, MA US",2/9/17,26,32,8
USW00094746,"WORCESTER REGIONAL AIRPORT, MA US",2/10/17,13,22,4
USW00094746,"WORCESTER REGIONAL AIRPORT, MA US",2/11/17,17,23,13
USW00094746,"WORCESTER REGIONAL AIRPORT, MA US",2/12/17,20,27,15
USW00094746,"WORCESTER REGIONAL AIRPORT, MA US",2/13/17,25,28,20
USW00094746,"WORCESTER REGIONAL AIRPORT, MA US",2/14/17,23,32,17
USW00094746,"WORCESTER REGIONAL AIRPORT, MA US",2/15/17,30,39,24
USW00094746,"WORCESTER REGIONAL AIRPORT, MA US",2/16/17,30,32,20
USW00094746,"WORCESTER REGIONAL AIRPORT, MA US",2/17/17,25,35,18
USW00094746,"WORCESTER REGIONAL AIRPORT, MA US",2/18/17,34,52,23
USW00094746,"WORCESTER REGIONAL AIRPORT, MA US",2/19/17,49,56,40
USW00094746,"WORCESTER REGIONAL AIRPORT, MA US",2/20/17,39,42,29
USW00094746,"WORCESTER REGIONAL AIRPORT, MA US",2/21/17,34,42,28
USW00094746,"WORCESTER REGIONAL AIRPORT, MA US",2/22/17,41,56,33
USW00094746,"WORCESTER REGIONAL AIRPORT, MA US",2/23/17,50,64,40
USW00094746,"WORCESTER REGIONAL AIRPORT, MA US",2/24/17,56,69,48
USW00094746,"WORCESTER REGIONAL AIRPORT, MA US",2/25/17,57,65,40
USW00094746,"WORCESTER REGIONAL AIRPORT, MA US",2/26/17,36,40,26
USW00094746,"WORCESTER REGIONAL AIRPORT, MA US",2/27/17,35,49,25
USW00094746,"WORCESTER REGIONAL AIRPORT, MA US",2/28/17,42,55,33
USW00094746,"WORCESTER REGIONAL AIRPORT, MA US",3/1/17,51,59,46
USW00094746,"WORCESTER REGIONAL AIRPORT, MA US",3/2/17,43,55,24
USW00094746,"WORCESTER REGIONAL AIRPORT, MA US",3/3/17,25,31,16
USW00094746,"WORCESTER REGIONAL AIRPORT, MA US",3/4/17,15,18,6
USW00094746,"WORCESTER REGIONAL AIRPORT, MA US",3/5/17,14,27,4
USW00094746,"WORCESTER REGIONAL AIRPORT, MA US",3/6/17,24,42,11
USW00094746,"WORCESTER REGIONAL AIRPORT, MA US",3/7/17,35,45,29
USW00094746,"WORCESTER REGIONAL AIRPORT, MA US",3/8/17,47,53,42
USW00094746,"WORCESTER REGIONAL AIRPORT, MA US",3/9/17,42,45,33
USW00094746,"WORCESTER REGIONAL AIRPORT, MA US",3/10/17,30,33,16
USW00094746,"WORCESTER REGIONAL AIRPORT, MA US",3/11/17,13,16,5
USW00094746,"WORCESTER REGIONAL AIRPORT, MA US",3/12/17,12,22,4
USW00094746,"WORCESTER REGIONAL AIRPORT, MA US",3/13/17,17,31,8
USW00094746,"WORCESTER REGIONAL AIRPORT, MA US",3/14/17,25,31,20
USW00094746,"WORCESTER REGIONAL AIRPORT, MA US",3/15/17,19,24,11
USW00094746,"WORCESTER REGIONAL AIRPORT, MA US",3/16/17,21,30,15
USW00094746,"WORCESTER REGIONAL AIRPORT, MA US",3/17/17,27,38,19
USW00094746,"WORCESTER REGIONAL AIRPORT, MA US",3/18/17,28,36,21
USW00094746,"WORCESTER REGIONAL AIRPORT, MA US",3/19/17,30,37,26
USW00094746,"WORCESTER REGIONAL AIRPORT, MA US",3/20/17,38,50,29
USW00094746,"WORCESTER REGIONAL AIRPORT, MA US",3/21/17,41,50,32
USW00094746,"WORCESTER REGIONAL AIRPORT, MA US",3/22/17,30,36,13
USW00094746,"WORCESTER REGIONAL AIRPORT, MA US",3/23/17,21,34,13
USW00094746,"WORCESTER REGIONAL AIRPORT, MA US",3/24/17,31,43,24
USW00094746,"WORCESTER REGIONAL AIRPORT, MA US",3/25/17,39,42,31
USW00094746,"WORCESTER REGIONAL AIRPORT, MA US",3/26/17,32,37,27
USW00094746,"WORCESTER REGIONAL AIRPORT, MA US",3/27/17,33,38,31
USW00094746,"WORCESTER REGIONAL AIRPORT, MA US",3/28/17,35,37,33
USW00094746,"WORCESTER REGIONAL AIRPORT, MA US",3/29/17,38,45,31
USW00094746,"WORCESTER REGIONAL AIRPORT, MA US",3/30/17,37,46,29
USW00094746,"WORCESTER REGIONAL AIRPORT, MA US",3/31/17,34,38,30
USW00094746,"WORCESTER REGIONAL AIRPORT, MA US",4/1/17,31,33,30
USW00094746,"WORCESTER REGIONAL AIRPORT, MA US",4/2/17,39,53,31
USW00094746,"WORCESTER REGIONAL AIRPORT, MA US",4/3/17,45,56,32
USW00094746,"WORCESTER REGIONAL AIRPORT, MA US",4/4/17,39,45,35
USW00094746,"WORCESTER REGIONAL AIRPORT, MA US",4/5/17,38,48,33
USW00094746,"WORCESTER REGIONAL AIRPORT, MA US",4/6/17,35,41,34
USW00094746,"WORCESTER REGIONAL AIRPORT, MA US",4/7/17,42,47,35
USW00094746,"WORCESTER REGIONAL AIRPORT, MA US",4/8/17,38,45,33
USW00094746,"WORCESTER REGIONAL AIRPORT, MA US",4/9/17,46,63,32
USW00094746,"WORCESTER REGIONAL AIRPORT, MA US",4/10/17,59,75,46
USW00094746,"WORCESTER REGIONAL AIRPORT, MA US",4/11/17,68,83,53
USW00094746,"WORCESTER REGIONAL AIRPORT, MA US",4/12/17,60,69,44
USW00094746,"WORCESTER REGIONAL AIRPORT, MA US",4/13/17,46,55,38
USW00094746,"WORCESTER REGIONAL AIRPORT, MA US",4/14/17,51,59,40
USW00094746,"WORCESTER REGIONAL AIRPORT, MA US",4/15/17,52,65,40
USW00094746,"WORCESTER REGIONAL AIRPORT, MA US",4/16/17,65,82,54
USW00094746,"WORCESTER REGIONAL AIRPORT, MA US",4/17/17,62,68,47
USW00094746,"WORCESTER REGIONAL AIRPORT, MA US",4/18/17,47,55,36
USW00094746,"WORCESTER REGIONAL AIRPORT, MA US",4/19/17,40,50,35
USW00094746,"WORCESTER REGIONAL AIRPORT, MA US",4/20/17,48,61,41
USW00094746,"WORCESTER REGIONAL AIRPORT, MA US",4/21/17,44,45,40
USW00094746,"WORCESTER REGIONAL AIRPORT, MA US",4/22/17,41,46,39
USW00094746,"WORCESTER REGIONAL AIRPORT, MA US",4/23/17,49,65,36
USW00094746,"WORCESTER REGIONAL AIRPORT, MA US",4/24/17,55,69,42
USW00094746,"WORCESTER REGIONAL AIRPORT, MA US",4/25/17,48,50,43
USW00094746,"WORCESTER REGIONAL AIRPORT, MA US",4/26/17,47,55,42
USW00094746,"WORCESTER REGIONAL AIRPORT, MA US",4/27/17,56,63,51
USW00094746,"WORCESTER REGIONAL AIRPORT, MA US",4/28/17,63,78,55
USW00094746,"WORCESTER REGIONAL AIRPORT, MA US",4/29/17,68,79,55
USW00094746,"WORCESTER REGIONAL AIRPORT, MA US",4/30/17,53,56,44
USW00094746,"WORCESTER REGIONAL AIRPORT, MA US",5/1/17,46,52,42
USW00094746,"WORCESTER REGIONAL AIRPORT, MA US",5/2/17,51,68,42
USW00094746,"WORCESTER REGIONAL AIRPORT, MA US",5/3/17,51,58,42
USW00094746,"WORCESTER REGIONAL AIRPORT, MA US",5/4/17,50,63,38
USW00094746,"WORCESTER REGIONAL AIRPORT, MA US",5/5/17,45,47,42
USW00094746,"WORCESTER REGIONAL AIRPORT, MA US",5/6/17,54,65,46
USW00094746,"WORCESTER REGIONAL AIRPORT, MA US",5/7/17,53,60,40
USW00094746,"WORCESTER REGIONAL AIRPORT, MA US",5/8/17,43,49,37
USW00094746,"WORCESTER REGIONAL AIRPORT, MA US",5/9/17,43,51,34
USW00094746,"WORCESTER REGIONAL AIRPORT, MA US",5/10/17,46,53,38
USW00094746,"WORCESTER REGIONAL AIRPORT, MA US",5/11/17,49,58,43
USW00094746,"WORCESTER REGIONAL AIRPORT, MA US",5/12/17,49,55,43
USW00094746,"WORCESTER REGIONAL AIRPORT, MA US",5/13/17,47,52,42
USW00094746,"WORCESTER REGIONAL AIRPORT, MA US",5/14/17,43,48,39
USW00094746,"WORCESTER REGIONAL AIRPORT, MA US",5/15/17,49,59,44
USW00094746,"WORCESTER REGIONAL AIRPORT, MA US",5/16/17,61,75,49
USW00094746,"WORCESTER REGIONAL AIRPORT, MA US",5/17/17,72,88,55
USW00094746,"WORCESTER REGIONAL AIRPORT, MA US",5/18/17,79,90,65
USW00094746,"WORCESTER REGIONAL AIRPORT, MA US",5/19/17,74,84,53
USW00094746,"WORCESTER REGIONAL AIRPORT, MA US",5/20/17,58,69,47
USW00094746,"WORCESTER REGIONAL AIRPORT, MA US",5/21/17,56,67,45
USW00094746,"WORCESTER REGIONAL AIRPORT, MA US",5/22/17,50,53,46
USW00094746,"WORCESTER REGIONAL AIRPORT, MA US",5/23/17,57,67,49
USW00094746,"WORCESTER REGIONAL AIRPORT, MA US",5/24/17,60,66,53
USW00094746,"WORCESTER REGIONAL AIRPORT, MA US",5/25/17,51,53,47
USW00094746,"WORCESTER REGIONAL AIRPORT, MA US",5/26/17,49,56,46
USW00094746,"WORCESTER REGIONAL AIRPORT, MA US",5/27/17,57,67,50
USW00094746,"WORCESTER REGIONAL AIRPORT, MA US",5/28/17,60,67,52
USW00094746,"WORCESTER REGIONAL AIRPORT, MA US",5/29/17,50,52,46
USW00094746,"WORCESTER REGIONAL AIRPORT, MA US",5/30/17,51,58,46
USW00094746,"WORCESTER REGIONAL AIRPORT, MA US",5/31/17,58,70,52
USW00094746,"WORCESTER REGIONAL AIRPORT, MA US",6/1/17,61,72,53
USW00094746,"WORCESTER REGIONAL AIRPORT, MA US",6/2/17,58,66,45
USW00094746,"WORCESTER REGIONAL AIRPORT, MA US",6/3/17,55,65,45
USW00094746,"WORCESTER REGIONAL AIRPORT, MA US",6/4/17,58,68,49
USW00094746,"WORCESTER REGIONAL AIRPORT, MA US",6/5/17,52,53,49
USW00094746,"WORCESTER REGIONAL AIRPORT, MA US",6/6/17,47,49,45
USW00094746,"WORCESTER REGIONAL AIRPORT, MA US",6/7/17,56,69,47
USW00094746,"WORCESTER REGIONAL AIRPORT, MA US",6/8/17,63,75,52
USW00094746,"WORCESTER REGIONAL AIRPORT, MA US",6/9/17,62,73,51
USW00094746,"WORCESTER REGIONAL AIRPORT, MA US",6/10/17,70,80,61
USW00094746,"WORCESTER REGIONAL AIRPORT, MA US",6/11/17,74,87,63
USW00094746,"WORCESTER REGIONAL AIRPORT, MA US",6/12/17,80,90,72
USW00094746,"WORCESTER REGIONAL AIRPORT, MA US",6/13/17,79,88,67
USW00094746,"WORCESTER REGIONAL AIRPORT, MA US",6/14/17,72,78,54
USW00094746,"WORCESTER REGIONAL AIRPORT, MA US",6/15/17,62,73,50
USW00094746,"WORCESTER REGIONAL AIRPORT, MA US",6/16/17,60,67,57
USW00094746,"WORCESTER REGIONAL AIRPORT, MA US",6/17/17,61,71,56
USW00094746,"WORCESTER REGIONAL AIRPORT, MA US",6/18/17,71,78,66
USW00094746,"WORCESTER REGIONAL AIRPORT, MA US",6/19/17,74,82,67
USW00094746,"WORCESTER REGIONAL AIRPORT, MA US",6/20/17,71,79,63
USW00094746,"WORCESTER REGIONAL AIRPORT, MA US",6/21/17,69,78,57
USW00094746,"WORCESTER REGIONAL AIRPORT, MA US",6/22/17,69,79,58
USW00094746,"WORCESTER REGIONAL AIRPORT, MA US",6/23/17,74,85,64
USW00094746,"WORCESTER REGIONAL AIRPORT, MA US",6/24/17,74,80,66
USW00094746,"WORCESTER REGIONAL AIRPORT, MA US",6/25/17,69,78,59
USW00094746,"WORCESTER REGIONAL AIRPORT, MA US",6/26/17,63,74,54
USW00094746,"WORCESTER REGIONAL AIRPORT, MA US",6/27/17,61,69,53
USW00094746,"WORCESTER REGIONAL AIRPORT, MA US",6/28/17,60,72,50
USW00094746,"WORCESTER REGIONAL AIRPORT, MA US",6/29/17,65,73,56
USW00094746,"WORCESTER REGIONAL AIRPORT, MA US",6/30/17,71,82,64
USW00094746,"WORCESTER REGIONAL AIRPORT, MA US",7/1/17,72,82,66
USW00094746,"WORCESTER REGIONAL AIRPORT, MA US",7/2/17,74,82,67
USW00094746,"WORCESTER REGIONAL AIRPORT, MA US",7/3/17,72,80,62
USW00094746,"WORCESTER REGIONAL AIRPORT, MA US",7/4/17,70,79,60
USW00094746,"WORCESTER REGIONAL AIRPORT, MA US",7/5/17,72,80,62
USW00094746,"WORCESTER REGIONAL AIRPORT, MA US",7/6/17,69,78,59
USW00094746,"WORCESTER REGIONAL AIRPORT, MA US",7/7/17,64,67,61
USW00094746,"WORCESTER REGIONAL AIRPORT, MA US",7/8/17,68,82,61
USW00094746,"WORCESTER REGIONAL AIRPORT, MA US",7/9/17,68,77,59
USW00094746,"WORCESTER REGIONAL AIRPORT, MA US",7/10/17,70,81,60
USW00094746,"WORCESTER REGIONAL AIRPORT, MA US",7/11/17,71,80,65
USW00094746,"WORCESTER REGIONAL AIRPORT, MA US",7/12/17,72,83,66
USW00094746,"WORCESTER REGIONAL AIRPORT, MA US",7/13/17,64,71,54
USW00094746,"WORCESTER REGIONAL AIRPORT, MA US",7/14/17,57,62,54
USW00094746,"WORCESTER REGIONAL AIRPORT, MA US",7/15/17,66,79,60
USW00094746,"WORCESTER REGIONAL AIRPORT, MA US",7/16/17,73,83,64
USW00094746,"WORCESTER REGIONAL AIRPORT, MA US",7/17/17,74,82,65
USW00094746,"WORCESTER REGIONAL AIRPORT, MA US",7/18/17,72,83,66
USW00094746,"WORCESTER REGIONAL AIRPORT, MA US",7/19/17,76,86,68
USW00094746,"WORCESTER REGIONAL AIRPORT, MA US",7/20/17,77,87,67
USW00094746,"WORCESTER REGIONAL AIRPORT, MA US",7/21/17,76,85,64
USW00094746,"WORCESTER REGIONAL AIRPORT, MA US",7/22/17,74,82,66
USW00094746,"WORCESTER REGIONAL AIRPORT, MA US",7/23/17,70,74,62
USW00094746,"WORCESTER REGIONAL AIRPORT, MA US",7/24/17,58,62,52
USW00094746,"WORCESTER REGIONAL AIRPORT, MA US",7/25/17,55,61,52
USW00094746,"WORCESTER REGIONAL AIRPORT, MA US",7/26/17,65,76,56
USW00094746,"WORCESTER REGIONAL AIRPORT, MA US",7/27/17,63,67,58
USW00094746,"WORCESTER REGIONAL AIRPORT, MA US",7/28/17,70,78,62
USW00094746,"WORCESTER REGIONAL AIRPORT, MA US",7/29/17,65,70,58
USW00094746,"WORCESTER REGIONAL AIRPORT, MA US",7/30/17,67,78,59
USW00094746,"WORCESTER REGIONAL AIRPORT, MA US",7/31/17,69,82,56
USW00094746,"WORCESTER REGIONAL AIRPORT, MA US",8/1/17,74,85,65
USW00094746,"WORCESTER REGIONAL AIRPORT, MA US",8/2/17,73,83,64
USW00094746,"WORCESTER REGIONAL AIRPORT, MA US",8/3/17,70,81,62
USW00094746,"WORCESTER REGIONAL AIRPORT, MA US",8/4/17,71,82,63
USW00094746,"WORCESTER REGIONAL AIRPORT, MA US",8/5/17,68,72,60
USW00094746,"WORCESTER REGIONAL AIRPORT, MA US",8/6/17,64,72,56
USW00094746,"WORCESTER REGIONAL AIRPORT, MA US",8/7/17,64,69,58
USW00094746,"WORCESTER REGIONAL AIRPORT, MA US",8/8/17,65,73,59
USW00094746,"WORCESTER REGIONAL AIRPORT, MA US",8/9/17,68,79,57
USW00094746,"WORCESTER REGIONAL AIRPORT, MA US",8/10/17,71,82,62
USW00094746,"WORCESTER REGIONAL AIRPORT, MA US",8/11/17,70,77,61
USW00094746,"WORCESTER REGIONAL AIRPORT, MA US",8/12/17,66,76,58
USW00094746,"WORCESTER REGIONAL AIRPORT, MA US",8/13/17,71,79,66
USW00094746,"WORCESTER REGIONAL AIRPORT, MA US",8/14/17,70,78,62
USW00094746,"WORCESTER REGIONAL AIRPORT, MA US",8/15/17,67,73,63
USW00094746,"WORCESTER REGIONAL AIRPORT, MA US",8/16/17,71,79,64
USW00094746,"WORCESTER REGIONAL AIRPORT, MA US",8/17/17,67,77,56
USW00094746,"WORCESTER REGIONAL AIRPORT, MA US",8/18/17,68,78,62
USW00094746,"WORCESTER REGIONAL AIRPORT, MA US",8/19/17,75,83,68
USW00094746,"WORCESTER REGIONAL AIRPORT, MA US",8/20/17,72,80,65
USW00094746,"WORCESTER REGIONAL AIRPORT, MA US",8/21/17,72,82,63
USW00094746,"WORCESTER REGIONAL AIRPORT, MA US",8/22/17,74,86,66
USW00094746,"WORCESTER REGIONAL AIRPORT, MA US",8/23/17,73,77,60
USW00094746,"WORCESTER REGIONAL AIRPORT, MA US",8/24/17,65,74,54
USW00094746,"WORCESTER REGIONAL AIRPORT, MA US",8/25/17,64,71,55
USW00094746,"WORCESTER REGIONAL AIRPORT, MA US",8/26/17,62,71,53
USW00094746,"WORCESTER REGIONAL AIRPORT, MA US",8/27/17,63,73,56
USW00094746,"WORCESTER REGIONAL AIRPORT, MA US",8/28/17,63,72,54
USW00094746,"WORCESTER REGIONAL AIRPORT, MA US",8/29/17,59,64,53
USW00094746,"WORCESTER REGIONAL AIRPORT, MA US",8/30/17,61,71,56
USW00094746,"WORCESTER REGIONAL AIRPORT, MA US",8/31/17,63,73,52
USW00094746,"WORCESTER REGIONAL AIRPORT, MA US",9/1/17,55,64,44
USW00094746,"WORCESTER REGIONAL AIRPORT, MA US",9/2/17,56,67,45
USW00094746,"WORCESTER REGIONAL AIRPORT, MA US",9/3/17,54,57,51
USW00094746,"WORCESTER REGIONAL AIRPORT, MA US",9/4/17,62,75,53
USW00094746,"WORCESTER REGIONAL AIRPORT, MA US",9/5/17,70,81,62
USW00094746,"WORCESTER REGIONAL AIRPORT, MA US",9/6/17,65,68,57
USW00094746,"WORCESTER REGIONAL AIRPORT, MA US",9/7/17,61,70,53
USW00094746,"WORCESTER REGIONAL AIRPORT, MA US",9/8/17,58,67,50
USW00094746,"WORCESTER REGIONAL AIRPORT, MA US",9/9/17,58,67,50
USW00094746,"WORCESTER REGIONAL AIRPORT, MA US",9/10/17,60,69,52
USW00094746,"WORCESTER REGIONAL AIRPORT, MA US",9/11/17,61,74,50
USW00094746,"WORCESTER REGIONAL AIRPORT, MA US",9/12/17,67,79,57
USW00094746,"WORCESTER REGIONAL AIRPORT, MA US",9/13/17,68,79,58
USW00094746,"WORCESTER REGIONAL AIRPORT, MA US",9/14/17,69,76,64
USW00094746,"WORCESTER REGIONAL AIRPORT, MA US",9/15/17,70,78,65
USW00094746,"WORCESTER REGIONAL AIRPORT, MA US",9/16/17,70,79,64
USW00094746,"WORCESTER REGIONAL AIRPORT, MA US",9/17/17,71,80,62
USW00094746,"WORCESTER REGIONAL AIRPORT, MA US",9/18/17,64,70,59
USW00094746,"WORCESTER REGIONAL AIRPORT, MA US",9/19/17,62,64,60
USW00094746,"WORCESTER REGIONAL AIRPORT, MA US",9/20/17,65,68,63
USW00094746,"WORCESTER REGIONAL AIRPORT, MA US",9/21/17,66,68,62
USW00094746,"WORCESTER REGIONAL AIRPORT, MA US",9/22/17,61,66,57
USW00094746,"WORCESTER REGIONAL AIRPORT, MA US",9/23/17,68,80,62
USW00094746,"WORCESTER REGIONAL AIRPORT, MA US",9/24/17,75,86,66
USW00094746,"WORCESTER REGIONAL AIRPORT, MA US",9/25/17,77,85,65
USW00094746,"WORCESTER REGIONAL AIRPORT, MA US",9/26/17,73,85,63
USW00094746,"WORCESTER REGIONAL AIRPORT, MA US",9/27/17,73,83,63
USW00094746,"WORCESTER REGIONAL AIRPORT, MA US",9/28/17,69,72,50
USW00094746,"WORCESTER REGIONAL AIRPORT, MA US",9/29/17,53,62,43
USW00094746,"WORCESTER REGIONAL AIRPORT, MA US",9/30/17,50,52,42
USW00094746,"WORCESTER REGIONAL AIRPORT, MA US",10/1/17,51,62,42
USW00094746,"WORCESTER REGIONAL AIRPORT, MA US",10/2/17,56,67,46
USW00094746,"WORCESTER REGIONAL AIRPORT, MA US",10/3/17,56,65,46
USW00094746,"WORCESTER REGIONAL AIRPORT, MA US",10/4/17,58,73,48
USW00094746,"WORCESTER REGIONAL AIRPORT, MA US",10/5/17,66,76,59
USW00094746,"WORCESTER REGIONAL AIRPORT, MA US",10/6/17,62,68,53
USW00094746,"WORCESTER REGIONAL AIRPORT, MA US",10/7/17,65,75,58
USW00094746,"WORCESTER REGIONAL AIRPORT, MA US",10/8/17,69,72,67
USW00094746,"WORCESTER REGIONAL AIRPORT, MA US",10/9/17,69,72,68
USW00094746,"WORCESTER REGIONAL AIRPORT, MA US",10/10/17,68,73,58
USW00094746,"WORCESTER REGIONAL AIRPORT, MA US",10/11/17,61,68,51
USW00094746,"WORCESTER REGIONAL AIRPORT, MA US",10/12/17,52,57,43
USW00094746,"WORCESTER REGIONAL AIRPORT, MA US",10/13/17,49,62,41
USW00094746,"WORCESTER REGIONAL AIRPORT, MA US",10/14/17,58,69,53
USW00094746,"WORCESTER REGIONAL AIRPORT, MA US",10/15/17,62,70,55
USW00094746,"WORCESTER REGIONAL AIRPORT, MA US",10/16/17,55,64,39
USW00094746,"WORCESTER REGIONAL AIRPORT, MA US",10/17/17,43,54,35
USW00094746,"WORCESTER REGIONAL AIRPORT, MA US",10/18/17,52,67,42
USW00094746,"WORCESTER REGIONAL AIRPORT, MA US",10/19/17,58,69,47
USW00094746,"WORCESTER REGIONAL AIRPORT, MA US",10/20/17,58,67,50
USW00094746,"WORCESTER REGIONAL AIRPORT, MA US",10/21/17,60,72,53
USW00094746,"WORCESTER REGIONAL AIRPORT, MA US",10/22/17,64,78,51
USW00094746,"WORCESTER REGIONAL AIRPORT, MA US",10/23/17,56,67,49
USW00094746,"WORCESTER REGIONAL AIRPORT, MA US",10/24/17,65,71,62
USW00094746,"WORCESTER REGIONAL AIRPORT, MA US",10/25/17,64,68,56
USW00094746,"WORCESTER REGIONAL AIRPORT, MA US",10/26/17,53,57,43
USW00094746,"WORCESTER REGIONAL AIRPORT, MA US",10/27/17,47,57,40
USW00094746,"WORCESTER REGIONAL AIRPORT, MA US",10/28/17,52,63,44
USW00094746,"WORCESTER REGIONAL AIRPORT, MA US",10/29/17,56,62,54
USW00094746,"WORCESTER REGIONAL AIRPORT, MA US",10/30/17,54,63,44
USW00094746,"WORCESTER REGIONAL AIRPORT, MA US",10/31/17,46,52,38
USW00094746,"WORCESTER REGIONAL AIRPORT, MA US",11/1/17,42,49,36
USW00094746,"WORCESTER REGIONAL AIRPORT, MA US",11/2/17,56,67,47
USW00094746,"WORCESTER REGIONAL AIRPORT, MA US",11/3/17,62,71,46
USW00094746,"WORCESTER REGIONAL AIRPORT, MA US",11/4/17,46,52,38
USW00094746,"WORCESTER REGIONAL AIRPORT, MA US",11/5/17,46,58,41
USW00094746,"WORCESTER REGIONAL AIRPORT, MA US",11/6/17,58,62,45
USW00094746,"WORCESTER REGIONAL AIRPORT, MA US",11/7/17,43,46,32
USW00094746,"WORCESTER REGIONAL AIRPORT, MA US",11/8/17,36,43,31
USW00094746,"WORCESTER REGIONAL AIRPORT, MA US",11/9/17,37,46,29
USW00094746,"WORCESTER REGIONAL AIRPORT, MA US",11/10/17,35,45,19
USW00094746,"WORCESTER REGIONAL AIRPORT, MA US",11/11/17,23,33,17
USW00094746,"WORCESTER REGIONAL AIRPORT, MA US",11/12/17,31,42,24
USW00094746,"WORCESTER REGIONAL AIRPORT, MA US",11/13/17,35,38,32
USW00094746,"WORCESTER REGIONAL AIRPORT, MA US",11/14/17,33,37,31
USW00094746,"WORCESTER REGIONAL AIRPORT, MA US",11/15/17,35,42,31
USW00094746,"WORCESTER REGIONAL AIRPORT, MA US",11/16/17,38,46,33
USW00094746,"WORCESTER REGIONAL AIRPORT, MA US",11/17/17,37,40,29
USW00094746,"WORCESTER REGIONAL AIRPORT, MA US",11/18/17,33,46,25
USW00094746,"WORCESTER REGIONAL AIRPORT, MA US",11/19/17,46,55,32
USW00094746,"WORCESTER REGIONAL AIRPORT, MA US",11/20/17,33,37,29
USW00094746,"WORCESTER REGIONAL AIRPORT, MA US",11/21/17,40,54,28
USW00094746,"WORCESTER REGIONAL AIRPORT, MA US",11/22/17,44,49,33
USW00094746,"WORCESTER REGIONAL AIRPORT, MA US",11/23/17,32,38,25
USW00094746,"WORCESTER REGIONAL AIRPORT, MA US",11/24/17,35,46,28
USW00094746,"WORCESTER REGIONAL AIRPORT, MA US",11/25/17,42,54,33
USW00094746,"WORCESTER REGIONAL AIRPORT, MA US",11/26/17,41,46,31
USW00094746,"WORCESTER REGIONAL AIRPORT, MA US",11/27/17,34,41,25
USW00094746,"WORCESTER REGIONAL AIRPORT, MA US",11/28/17,27,42,19
USW00094746,"WORCESTER REGIONAL AIRPORT, MA US",11/29/17,45,56,33
USW00094746,"WORCESTER REGIONAL AIRPORT, MA US",11/30/17,34,43,24
USW00094746,"WORCESTER REGIONAL AIRPORT, MA US",12/1/17,41,44,34
USW00094746,"WORCESTER REGIONAL AIRPORT, MA US",12/2/17,35,39,30
USW00094746,"WORCESTER REGIONAL AIRPORT, MA US",12/3/17,35,38,28
USW00094746,"WORCESTER REGIONAL AIRPORT, MA US",12/4/17,37,43,32
USW00094746,"WORCESTER REGIONAL AIRPORT, MA US",12/5/17,38,56,33
USW00094746,"WORCESTER REGIONAL AIRPORT, MA US",12/6/17,45,56,28
USW00094746,"WORCESTER REGIONAL AIRPORT, MA US",12/7/17,32,40,25
USW00094746,"WORCESTER REGIONAL AIRPORT, MA US",12/8/17,30,33,24
USW00094746,"WORCESTER REGIONAL AIRPORT, MA US",12/9/17,29,31,26
USW00094746,"WORCESTER REGIONAL AIRPORT, MA US",12/10/17,28,32,23
USW00094746,"WORCESTER REGIONAL AIRPORT, MA US",12/11/17,28,33,26
USW00094746,"WORCESTER REGIONAL AIRPORT, MA US",12/12/17,30,36,26
USW00094746,"WORCESTER REGIONAL AIRPORT, MA US",12/13/17,21,26,14
USW00094746,"WORCESTER REGIONAL AIRPORT, MA US",12/14/17,18,24,11
USW00094746,"WORCESTER REGIONAL AIRPORT, MA US",12/15/17,16,22,11
USW00094746,"WORCESTER REGIONAL AIRPORT, MA US",12/16/17,20,26,15
USW00094746,"WORCESTER REGIONAL AIRPORT, MA US",12/17/17,19,25,13
USW00094746,"WORCESTER REGIONAL AIRPORT, MA US",12/18/17,24,34,18
USW00094746,"WORCESTER REGIONAL AIRPORT, MA US",12/19/17,37,45,32
USW00094746,"WORCESTER REGIONAL AIRPORT, MA US",12/20/17,36,40,27
USW00094746,"WORCESTER REGIONAL AIRPORT, MA US",12/21/17,27,30,23
USW00094746,"WORCESTER REGIONAL AIRPORT, MA US",12/22/17,22,25,20
USW00094746,"WORCESTER REGIONAL AIRPORT, MA US",12/23/17,26,37,22
USW00094746,"WORCESTER REGIONAL AIRPORT, MA US",12/24/17,32,35,26
USW00094746,"WORCESTER REGIONAL AIRPORT, MA US",12/25/17,25,31,19
USW00094746,"WORCESTER REGIONAL AIRPORT, MA US",12/26/17,18,20,10
USW00094746,"WORCESTER REGIONAL AIRPORT, MA US",12/27/17,11,15,5
USW00094746,"WORCESTER REGIONAL AIRPORT, MA US",12/28/17,4,7,0
USW00094746,"WORCESTER REGIONAL AIRPORT, MA US",12/29/17,2,8,-3
USW00094746,"WORCESTER REGIONAL AIRPORT, MA US",12/30/17,7,13,1
USW00094746,"WORCESTER REGIONAL AIRPORT, MA US",12/31/17,6,10,-2
USW00094746,"WORCESTER REGIONAL AIRPORT, MA US",1/1/18,0,8,-5
USW00094746,"WORCESTER REGIONAL AIRPORT, MA US",1/2/18,5,15,0
USW00094746,"WORCESTER REGIONAL AIRPORT, MA US",1/3/18,14,23,8
USW00094746,"WORCESTER REGIONAL AIRPORT, MA US",1/4/18,20,26,15
USW00094746,"WORCESTER REGIONAL AIRPORT, MA US",1/5/18,10,17,1
USW00094746,"WORCESTER REGIONAL AIRPORT, MA US",1/6/18,2,6,-4
USW00094746,"WORCESTER REGIONAL AIRPORT, MA US",1/7/18,0,13,-9
USW00094746,"WORCESTER REGIONAL AIRPORT, MA US",1/8/18,20,30,13
USW00094746,"WORCESTER REGIONAL AIRPORT, MA US",1/9/18,29,37,24
USW00094746,"WORCESTER REGIONAL AIRPORT, MA US",1/10/18,26,33,16
USW00094746,"WORCESTER REGIONAL AIRPORT, MA US",1/11/18,39,50,30
USW00094746,"WORCESTER REGIONAL AIRPORT, MA US",1/12/18,51,59,45
USW00094746,"WORCESTER REGIONAL AIRPORT, MA US",1/13/18,44,59,13
USW00094746,"WORCESTER REGIONAL AIRPORT, MA US",1/14/18,14,20,8
USW00094746,"WORCESTER REGIONAL AIRPORT, MA US",1/15/18,11,17,6
USW00094746,"WORCESTER REGIONAL AIRPORT, MA US",1/16/18,21,29,17
USW00094746,"WORCESTER REGIONAL AIRPORT, MA US",1/17/18,29,30,23
USW00094746,"WORCESTER REGIONAL AIRPORT, MA US",1/18/18,21,25,12
USW00094746,"WORCESTER REGIONAL AIRPORT, MA US",1/19/18,21,29,16
USW00094746,"WORCESTER REGIONAL AIRPORT, MA US",1/20/18,34,42,26
USW00094746,"WORCESTER REGIONAL AIRPORT, MA US",1/21/18,38,44,34
USW00094746,"WORCESTER REGIONAL AIRPORT, MA US",1/22/18,34,37,30
USW00094746,"WORCESTER REGIONAL AIRPORT, MA US",1/23/18,33,50,28
USW00094746,"WORCESTER REGIONAL AIRPORT, MA US",1/24/18,33,36,19
USW00094746,"WORCESTER REGIONAL AIRPORT, MA US",1/25/18,20,25,15
USW00094746,"WORCESTER REGIONAL AIRPORT, MA US",1/26/18,20,30,13
USW00094746,"WORCESTER REGIONAL AIRPORT, MA US",1/27/18,33,49,23
USW00094746,"WORCESTER REGIONAL AIRPORT, MA US",1/28/18,44,49,36
USW00094746,"WORCESTER REGIONAL AIRPORT, MA US",1/29/18,33,38,23
USW00094746,"WORCESTER REGIONAL AIRPORT, MA US",1/30/18,24,30,17
USW00094746,"WORCESTER REGIONAL AIRPORT, MA US",1/31/18,19,27,12
USW00094746,"WORCESTER REGIONAL AIRPORT, MA US",2/1/18,30,41,24
USW00094746,"WORCESTER REGIONAL AIRPORT, MA US",2/2/18,25,33,5
USW00094746,"WORCESTER REGIONAL AIRPORT, MA US",2/3/18,10,21,1
USW00094746,"WORCESTER REGIONAL AIRPORT, MA US",2/4/18,28,40,19
USW00094746,"WORCESTER REGIONAL AIRPORT, MA US",2/5/18,34,40,15
USW00094746,"WORCESTER REGIONAL AIRPORT, MA US",2/6/18,20,28,15
USW00094746,"WORCESTER REGIONAL AIRPORT, MA US",2/7/18,22,35,17
USW00094746,"WORCESTER REGIONAL AIRPORT, MA US",2/8/18,24,27,14
USW00094746,"WORCESTER REGIONAL AIRPORT, MA US",2/9/18,19,26,11
USW00094746,"WORCESTER REGIONAL AIRPORT, MA US",2/10/18,35,45,26
USW00094746,"WORCESTER REGIONAL AIRPORT, MA US",2/11/18,41,51,34
USW00094746,"WORCESTER REGIONAL AIRPORT, MA US",2/12/18,39,55,25
USW00094746,"WORCESTER REGIONAL AIRPORT, MA US",2/13/18,25,30,18
USW00094746,"WORCESTER REGIONAL AIRPORT, MA US",2/14/18,32,44,23
USW00094746,"WORCESTER REGIONAL AIRPORT, MA US",2/15/18,40,50,32
USW00094746,"WORCESTER REGIONAL AIRPORT, MA US",2/16/18,47,50,29
USW00094746,"WORCESTER REGIONAL AIRPORT, MA US",2/17/18,29,35,19
USW00094746,"WORCESTER REGIONAL AIRPORT, MA US",2/18/18,31,39,26
USW00094746,"WORCESTER REGIONAL AIRPORT, MA US",2/19/18,33,47,23
USW00094746,"WORCESTER REGIONAL AIRPORT, MA US",2/20/18,52,67,41
USW00094746,"WORCESTER REGIONAL AIRPORT, MA US",2/21/18,59,71,49
USW00094746,"WORCESTER REGIONAL AIRPORT, MA US",2/22/18,42,55,28
USW00094746,"WORCESTER REGIONAL AIRPORT, MA US",2/23/18,30,34,25
USW00094746,"WORCESTER REGIONAL AIRPORT, MA US",2/24/18,40,50,34
USW00094746,"WORCESTER REGIONAL AIRPORT, MA US",2/25/18,35,36,31
USW00094746,"WORCESTER REGIONAL AIRPORT, MA US",2/26/18,38,46,32
USW00094746,"WORCESTER REGIONAL AIRPORT, MA US",2/27/18,38,48,30
USW00094746,"WORCESTER REGIONAL AIRPORT, MA US",2/28/18,43,55,34
USW00094746,"WORCESTER REGIONAL AIRPORT, MA US",3/1/18,49,59,37
USW00094746,"WORCESTER REGIONAL AIRPORT, MA US",3/2/18,37,37,32
USW00094746,"WORCESTER REGIONAL AIRPORT, MA US",3/3/18,38,43,34
USW00094746,"WORCESTER REGIONAL AIRPORT, MA US",3/4/18,36,39,30
USW00094746,"WORCESTER REGIONAL AIRPORT, MA US",3/5/18,34,42,31
USW00094746,"WORCESTER REGIONAL AIRPORT, MA US",3/6/18,32,39,27
USW00094746,"WORCESTER REGIONAL AIRPORT, MA US",3/7/18,29,30,27
USW00094746,"WORCESTER REGIONAL AIRPORT, MA US",3/8/18,30,36,27
USW00094746,"WORCESTER REGIONAL AIRPORT, MA US",3/9/18,27,32,22
USW00094746,"WORCESTER REGIONAL AIRPORT, MA US",3/10/18,30,35,26
USW00094746,"WORCESTER REGIONAL AIRPORT, MA US",3/11/18,31,39,25
USW00094746,"WORCESTER REGIONAL AIRPORT, MA US",3/12/18,32,37,26
USW00094746,"WORCESTER REGIONAL AIRPORT, MA US",3/13/18,29,32,26
USW00094746,"WORCESTER REGIONAL AIRPORT, MA US",3/14/18,29,33,24
USW00094746,"WORCESTER REGIONAL AIRPORT, MA US",3/15/18,31,37,27
USW00094746,"WORCESTER REGIONAL AIRPORT, MA US",3/16/18,28,32,22
USW00094746,"WORCESTER REGIONAL AIRPORT, MA US",3/17/18,26,36,15
USW00094746,"WORCESTER REGIONAL AIRPORT, MA US",3/18/18,19,30,9
USW00094746,"WORCESTER REGIONAL AIRPORT, MA US",3/19/18,24,33,15
USW00094746,"WORCESTER REGIONAL AIRPORT, MA US",3/20/18,28,38,18
USW00094746,"WORCESTER REGIONAL AIRPORT, MA US",3/21/18,30,34,26
USW00094746,"WORCESTER REGIONAL AIRPORT, MA US",3/22/18,36,46,30
USW00094746,"WORCESTER REGIONAL AIRPORT, MA US",3/23/18,36,43,30
USW00094746,"WORCESTER REGIONAL AIRPORT, MA US",3/24/18,36,43,31
USW00094746,"WORCESTER REGIONAL AIRPORT, MA US",3/25/18,32,36,26
USW00094746,"WORCESTER REGIONAL AIRPORT, MA US",3/26/18,32,40,25
USW00094746,"WORCESTER REGIONAL AIRPORT, MA US",3/27/18,35,45,25
USW00094746,"WORCESTER REGIONAL AIRPORT, MA US",3/28/18,42,53,34
USW00094746,"WORCESTER REGIONAL AIRPORT, MA US",3/29/18,46,51,39
USW00094746,"WORCESTER REGIONAL AIRPORT, MA US",3/30/18,49,56,39
USW00094746,"WORCESTER REGIONAL AIRPORT, MA US",3/31/18,42,52,33
USW00094746,"WORCESTER REGIONAL AIRPORT, MA US",4/1/18,43,50,30
USW00094746,"WORCESTER REGIONAL AIRPORT, MA US",4/2/18,31,38,27
USW00094746,"WORCESTER REGIONAL AIRPORT, MA US",4/3/18,33,41,27
USW00094746,"WORCESTER REGIONAL AIRPORT, MA US",4/4/18,40,55,33
USW00094746,"WORCESTER REGIONAL AIRPORT, MA US",4/5/18,31,36,24
USW00094746,"WORCESTER REGIONAL AIRPORT, MA US",4/6/18,29,38,22
USW00094746,"WORCESTER REGIONAL AIRPORT, MA US",4/7/18,35,40,28
USW00094746,"WORCESTER REGIONAL AIRPORT, MA US",4/8/18,31,40,26
USW00094746,"WORCESTER REGIONAL AIRPORT, MA US",4/9/18,31,41,23
USW00094746,"WORCESTER REGIONAL AIRPORT, MA US",4/10/18,34,37,28
USW00094746,"WORCESTER REGIONAL AIRPORT, MA US",4/11/18,36,47,27
USW00094746,"WORCESTER REGIONAL AIRPORT, MA US",4/12/18,41,54,29
USW00094746,"WORCESTER REGIONAL AIRPORT, MA US",4/13/18,54,65,45
USW00094746,"WORCESTER REGIONAL AIRPORT, MA US",4/14/18,50,59,33
USW00094746,"WORCESTER REGIONAL AIRPORT, MA US",4/15/18,31,34,27
USW00094746,"WORCESTER REGIONAL AIRPORT, MA US",4/16/18,33,45,30
USW00094746,"WORCESTER REGIONAL AIRPORT, MA US",4/17/18,40,44,32
USW00094746,"WORCESTER REGIONAL AIRPORT, MA US",4/18/18,37,45,30
USW00094746,"WORCESTER REGIONAL AIRPORT, MA US",4/19/18,36,40,32
USW00094746,"WORCESTER REGIONAL AIRPORT, MA US",4/20/18,37,48,30
USW00094746,"WORCESTER REGIONAL AIRPORT, MA US",4/21/18,42,55,31
USW00094746,"WORCESTER REGIONAL AIRPORT, MA US",4/22/18,47,58,35
USW00094746,"WORCESTER REGIONAL AIRPORT, MA US",4/23/18,51,63,41
USW00094746,"WORCESTER REGIONAL AIRPORT, MA US",4/24/18,52,65,40
USW00094746,"WORCESTER REGIONAL AIRPORT, MA US",4/25/18,50,54,45
USW00094746,"WORCESTER REGIONAL AIRPORT, MA US",4/26/18,55,61,45
USW00094746,"WORCESTER REGIONAL AIRPORT, MA US",4/27/18,49,57,42
USW00094746,"WORCESTER REGIONAL AIRPORT, MA US",4/28/18,55,68,47
USW00094746,"WORCESTER REGIONAL AIRPORT, MA US",4/29/18,49,52,35
USW00094746,"WORCESTER REGIONAL AIRPORT, MA US",4/30/18,40,46,35
USW00094746,"WORCESTER REGIONAL AIRPORT, MA US",5/1/18,48,66,39
USW00094746,"WORCESTER REGIONAL AIRPORT, MA US",5/2/18,70,85,54
USW00094746,"WORCESTER REGIONAL AIRPORT, MA US",5/3/18,74,86,66
USW00094746,"WORCESTER REGIONAL AIRPORT, MA US",5/4/18,70,80,65
USW00094746,"WORCESTER REGIONAL AIRPORT, MA US",5/5/18,63,69,51
USW00094746,"WORCESTER REGIONAL AIRPORT, MA US",5/6/18,57,61,51
USW00094746,"WORCESTER REGIONAL AIRPORT, MA US",5/7/18,57,66,49
USW00094746,"WORCESTER REGIONAL AIRPORT, MA US",5/8/18,59,71,47
USW00094746,"WORCESTER REGIONAL AIRPORT, MA US",5/9/18,63,75,50
USW00094746,"WORCESTER REGIONAL AIRPORT, MA US",5/10/18,57,72,48
USW00094746,"WORCESTER REGIONAL AIRPORT, MA US",5/11/18,59,66,51
USW00094746,"WORCESTER REGIONAL AIRPORT, MA US",5/12/18,48,51,42
USW00094746,"WORCESTER REGIONAL AIRPORT, MA US",5/13/18,47,60,41
USW00094746,"WORCESTER REGIONAL AIRPORT, MA US",5/14/18,57,73,49
USW00094746,"WORCESTER REGIONAL AIRPORT, MA US",5/15/18,65,82,54
USW00094746,"WORCESTER REGIONAL AIRPORT, MA US",5/16/18,56,60,52
USW00094746,"WORCESTER REGIONAL AIRPORT, MA US",5/17/18,61,73,53
USW00094746,"WORCESTER REGIONAL AIRPORT, MA US",5/18/18,58,63,43
USW00094746,"WORCESTER REGIONAL AIRPORT, MA US",5/19/18,47,55,41
USW00094746,"WORCESTER REGIONAL AIRPORT, MA US",5/20/18,63,75,55
USW00094746,"WORCESTER REGIONAL AIRPORT, MA US",5/21/18,63,74,51
USW00094746,"WORCESTER REGIONAL AIRPORT, MA US",5/22/18,61,66,51
USW00094746,"WORCESTER REGIONAL AIRPORT, MA US",5/23/18,63,80,52
USW00094746,"WORCESTER REGIONAL AIRPORT, MA US",5/24/18,65,75,50
USW00094746,"WORCESTER REGIONAL AIRPORT, MA US",5/25/18,67,83,54
USW00094746,"WORCESTER REGIONAL AIRPORT, MA US",5/26/18,74,85,62
USW00094746,"WORCESTER REGIONAL AIRPORT, MA US",5/27/18,55,62,46
USW00094746,"WORCESTER REGIONAL AIRPORT, MA US",5/28/18,51,63,46
USW00094746,"WORCESTER REGIONAL AIRPORT, MA US",5/29/18,70,85,57
USW00094746,"WORCESTER REGIONAL AIRPORT, MA US",5/30/18,68,77,58
USW00094746,"WORCESTER REGIONAL AIRPORT, MA US",5/31/18,66,78,54
USW00094746,"WORCESTER REGIONAL AIRPORT, MA US",6/1/18,69,76,63
USW00094746,"WORCESTER REGIONAL AIRPORT, MA US",6/2/18,74,83,59
USW00094746,"WORCESTER REGIONAL AIRPORT, MA US",6/3/18,59,63,45
USW00094746,"WORCESTER REGIONAL AIRPORT, MA US",6/4/18,48,51,44
USW00094746,"WORCESTER REGIONAL AIRPORT, MA US",6/5/18,53,62,45
USW00094746,"WORCESTER REGIONAL AIRPORT, MA US",6/6/18,55,65,47
USW00094746,"WORCESTER REGIONAL AIRPORT, MA US",6/7/18,58,67,49
USW00094746,"WORCESTER REGIONAL AIRPORT, MA US",6/8/18,63,77,50
USW00094746,"WORCESTER REGIONAL AIRPORT, MA US",6/9/18,68,75,60
USW00094746,"WORCESTER REGIONAL AIRPORT, MA US",6/10/18,65,70,55
USW00094746,"WORCESTER REGIONAL AIRPORT, MA US",6/11/18,60,70,50
USW00094746,"WORCESTER REGIONAL AIRPORT, MA US",6/12/18,61,75,49
USW00094746,"WORCESTER REGIONAL AIRPORT, MA US",6/13/18,62,70,55
USW00094746,"WORCESTER REGIONAL AIRPORT, MA US",6/14/18,67,75,59
USW00094746,"WORCESTER REGIONAL AIRPORT, MA US",6/15/18,59,65,55
USW00094746,"WORCESTER REGIONAL AIRPORT, MA US",6/16/18,66,80,55
USW00094746,"WORCESTER REGIONAL AIRPORT, MA US",6/17/18,72,85,59
USW00094746,"WORCESTER REGIONAL AIRPORT, MA US",6/18/18,74,88,66
USW00094746,"WORCESTER REGIONAL AIRPORT, MA US",6/19/18,72,78,62
USW00094746,"WORCESTER REGIONAL AIRPORT, MA US",6/20/18,67,74,61
USW00094746,"WORCESTER REGIONAL AIRPORT, MA US",6/21/18,69,80,58
USW00094746,"WORCESTER REGIONAL AIRPORT, MA US",6/22/18,65,75,56
USW00094746,"WORCESTER REGIONAL AIRPORT, MA US",6/23/18,58,61,54
USW00094746,"WORCESTER REGIONAL AIRPORT, MA US",6/24/18,62,76,54
USW00094746,"WORCESTER REGIONAL AIRPORT, MA US",6/25/18,67,73,54
USW00094746,"WORCESTER REGIONAL AIRPORT, MA US",6/26/18,63,74,47
USW00094746,"WORCESTER REGIONAL AIRPORT, MA US",6/27/18,64,73,56
USW00094746,"WORCESTER REGIONAL AIRPORT, MA US",6/28/18,66,71,62
USW00094746,"WORCESTER REGIONAL AIRPORT, MA US",6/29/18,74,84,65
USW00094746,"WORCESTER REGIONAL AIRPORT, MA US",6/30/18,78,87,68
USW00094746,"WORCESTER REGIONAL AIRPORT, MA US",7/1/18,81,93,72
USW00094746,"WORCESTER REGIONAL AIRPORT, MA US",7/2/18,79,89,69
USW00094746,"WORCESTER REGIONAL AIRPORT, MA US",7/3/18,79,90,69
USW00094746,"WORCESTER REGIONAL AIRPORT, MA US",7/4/18,81,89,73
USW00094746,"WORCESTER REGIONAL AIRPORT, MA US",7/5/18,79,87,71
USW00094746,"WORCESTER REGIONAL AIRPORT, MA US",7/6/18,75,80,58
USW00094746,"WORCESTER REGIONAL AIRPORT, MA US",7/7/18,65,75,55
USW00094746,"WORCESTER REGIONAL AIRPORT, MA US",7/8/18,69,80,57
USW00094746,"WORCESTER REGIONAL AIRPORT, MA US",7/9/18,71,84,58
USW00094746,"WORCESTER REGIONAL AIRPORT, MA US",7/10/18,74,87,59
USW00094746,"WORCESTER REGIONAL AIRPORT, MA US",7/11/18,73,78,60
USW00094746,"WORCESTER REGIONAL AIRPORT, MA US",7/12/18,69,78,60
USW00094746,"WORCESTER REGIONAL AIRPORT, MA US",7/13/18,71,83,61
USW00094746,"WORCESTER REGIONAL AIRPORT, MA US",7/14/18,68,79,58
USW00094746,"WORCESTER REGIONAL AIRPORT, MA US",7/15/18,73,85,65
USW00094746,"WORCESTER REGIONAL AIRPORT, MA US",7/16/18,76,87,67
USW00094746,"WORCESTER REGIONAL AIRPORT, MA US",7/17/18,73,85,67
USW00094746,"WORCESTER REGIONAL AIRPORT, MA US",7/18/18,70,77,63
USW00094746,"WORCESTER REGIONAL AIRPORT, MA US",7/19/18,68,77,60
USW00094746,"WORCESTER REGIONAL AIRPORT, MA US",7/20/18,70,80,60
USW00094746,"WORCESTER REGIONAL AIRPORT, MA US",7/21/18,67,76,58
USW00094746,"WORCESTER REGIONAL AIRPORT, MA US",7/22/18,67,74,61
USW00094746,"WORCESTER REGIONAL AIRPORT, MA US",7/23/18,73,80,71
USW00094746,"WORCESTER REGIONAL AIRPORT, MA US",7/24/18,74,81,71
USW00094746,"WORCESTER REGIONAL AIRPORT, MA US",7/25/18,73,77,69
USW00094746,"WORCESTER REGIONAL AIRPORT, MA US",7/26/18,72,77,66
USW00094746,"WORCESTER REGIONAL AIRPORT, MA US",7/27/18,74,84,66
USW00094746,"WORCESTER REGIONAL AIRPORT, MA US",7/28/18,73,82,66
USW00094746,"WORCESTER REGIONAL AIRPORT, MA US",7/29/18,71,77,63
USW00094746,"WORCESTER REGIONAL AIRPORT, MA US",7/30/18,69,77,62
USW00094746,"WORCESTER REGIONAL AIRPORT, MA US",7/31/18,71,81,62
USW00094746,"WORCESTER REGIONAL AIRPORT, MA US",8/1/18,70,78,63
USW00094746,"WORCESTER REGIONAL AIRPORT, MA US",8/2/18,77,86,71
USW00094746,"WORCESTER REGIONAL AIRPORT, MA US",8/3/18,76,84,69
USW00094746,"WORCESTER REGIONAL AIRPORT, MA US",8/4/18,72,77,69
USW00094746,"WORCESTER REGIONAL AIRPORT, MA US",8/5/18,75,85,67
USW00094746,"WORCESTER REGIONAL AIRPORT, MA US",8/6/18,78,88,68
USW00094746,"WORCESTER REGIONAL AIRPORT, MA US",8/7/18,79,88,70
USW00094746,"WORCESTER REGIONAL AIRPORT, MA US",8/8/18,76,83,69
USW00094746,"WORCESTER REGIONAL AIRPORT, MA US",8/9/18,75,83,68
USW00094746,"WORCESTER REGIONAL AIRPORT, MA US",8/10/18,73,81,65
USW00094746,"WORCESTER REGIONAL AIRPORT, MA US",8/11/18,67,69,63
USW00094746,"WORCESTER REGIONAL AIRPORT, MA US",8/12/18,67,71,65
USW00094746,"WORCESTER REGIONAL AIRPORT, MA US",8/13/18,65,67,64
USW00094746,"WORCESTER REGIONAL AIRPORT, MA US",8/14/18,69,78,66
USW00094746,"WORCESTER REGIONAL AIRPORT, MA US",8/15/18,72,83,66
USW00094746,"WORCESTER REGIONAL AIRPORT, MA US",8/16/18,76,83,68
USW00094746,"WORCESTER REGIONAL AIRPORT, MA US",8/17/18,75,83,67
USW00094746,"WORCESTER REGIONAL AIRPORT, MA US",8/18/18,72,80,63
USW00094746,"WORCESTER REGIONAL AIRPORT, MA US",8/19/18,65,72,61
USW00094746,"WORCESTER REGIONAL AIRPORT, MA US",8/20/18,65,74,59
USW00094746,"WORCESTER REGIONAL AIRPORT, MA US",8/21/18,64,72,58
USW00094746,"WORCESTER REGIONAL AIRPORT, MA US",8/22/18,67,77,62
USW00094746,"WORCESTER REGIONAL AIRPORT, MA US",8/23/18,66,73,59
USW00094746,"WORCESTER REGIONAL AIRPORT, MA US",8/24/18,67,79,54
USW00094746,"WORCESTER REGIONAL AIRPORT, MA US",8/25/18,68,77,58
USW00094746,"WORCESTER REGIONAL AIRPORT, MA US",8/26/18,67,78,57
USW00094746,"WORCESTER REGIONAL AIRPORT, MA US",8/27/18,73,82,66
USW00094746,"WORCESTER REGIONAL AIRPORT, MA US",8/28/18,78,88,69
USW00094746,"WORCESTER REGIONAL AIRPORT, MA US",8/29/18,81,90,74
USW00094746,"WORCESTER REGIONAL AIRPORT, MA US",8/30/18,77,83,62
USW00094746,"WORCESTER REGIONAL AIRPORT, MA US",8/31/18,65,71,59
USW00094746,"WORCESTER REGIONAL AIRPORT, MA US",9/1/18,64,73,57
USW00094746,"WORCESTER REGIONAL AIRPORT, MA US",9/2/18,68,79,58
USW00094746,"WORCESTER REGIONAL AIRPORT, MA US",9/3/18,76,87,69
USW00094746,"WORCESTER REGIONAL AIRPORT, MA US",9/4/18,78,85,69
USW00094746,"WORCESTER REGIONAL AIRPORT, MA US",9/5/18,74,85,66
USW00094746,"WORCESTER REGIONAL AIRPORT, MA US",9/6/18,76,89,69
USW00094746,"WORCESTER REGIONAL AIRPORT, MA US",9/7/18,66,70,59
USW00094746,"WORCESTER REGIONAL AIRPORT, MA US",9/8/18,61,65,51
USW00094746,"WORCESTER REGIONAL AIRPORT, MA US",9/9/18,53,57,49
USW00094746,"WORCESTER REGIONAL AIRPORT, MA US",9/10/18,53,58,49
USW00094746,"WORCESTER REGIONAL AIRPORT, MA US",9/11/18,63,75,57
USW00094746,"WORCESTER REGIONAL AIRPORT, MA US",9/12/18,67,70,61
USW00094746,"WORCESTER REGIONAL AIRPORT, MA US",9/13/18,63,69,60
USW00094746,"WORCESTER REGIONAL AIRPORT, MA US",9/14/18,66,74,62
USW00094746,"WORCESTER REGIONAL AIRPORT, MA US",9/15/18,68,78,62
USW00094746,"WORCESTER REGIONAL AIRPORT, MA US",9/16/18,72,84,64
USW00094746,"WORCESTER REGIONAL AIRPORT, MA US",9/17/18,70,79,63
USW00094746,"WORCESTER REGIONAL AIRPORT, MA US",9/18/18,69,72,66
USW00094746,"WORCESTER REGIONAL AIRPORT, MA US",9/19/18,63,70,56
USW00094746,"WORCESTER REGIONAL AIRPORT, MA US",9/20/18,58,65,55
USW00094746,"WORCESTER REGIONAL AIRPORT, MA US",9/21/18,59,66,55
USW00094746,"WORCESTER REGIONAL AIRPORT, MA US",9/22/18,63,66,50
USW00094746,"WORCESTER REGIONAL AIRPORT, MA US",9/23/18,53,58,46
USW00094746,"WORCESTER REGIONAL AIRPORT, MA US",9/24/18,51,56,45
USW00094746,"WORCESTER REGIONAL AIRPORT, MA US",9/25/18,50,66,43
USW00094746,"WORCESTER REGIONAL AIRPORT, MA US",9/26/18,69,76,64
USW00094746,"WORCESTER REGIONAL AIRPORT, MA US",9/27/18,62,66,55
USW00094746,"WORCESTER REGIONAL AIRPORT, MA US",9/28/18,53,56,48
USW00094746,"WORCESTER REGIONAL AIRPORT, MA US",9/29/18,56,67,50
USW00094746,"WORCESTER REGIONAL AIRPORT, MA US",9/30/18,55,63,44
USW00094746,"WORCESTER REGIONAL AIRPORT, MA US",10/1/18,56,65,51
USW00094746,"WORCESTER REGIONAL AIRPORT, MA US",10/2/18,52,57,51
USW00094746,"WORCESTER REGIONAL AIRPORT, MA US",10/3/18,55,62,51
USW00094746,"WORCESTER REGIONAL AIRPORT, MA US",10/4/18,61,72,56
USW00094746,"WORCESTER REGIONAL AIRPORT, MA US",10/5/18,57,63,45
USW00094746,"WORCESTER REGIONAL AIRPORT, MA US",10/6/18,51,58,46
USW00094746,"WORCESTER REGIONAL AIRPORT, MA US",10/7/18,64,74,55
USW00094746,"WORCESTER REGIONAL AIRPORT, MA US",10/8/18,53,55,49
USW00094746,"WORCESTER REGIONAL AIRPORT, MA US",10/9/18,62,72,55
USW00094746,"WORCESTER REGIONAL AIRPORT, MA US",10/10/18,70,78,66
USW00094746,"WORCESTER REGIONAL AIRPORT, MA US",10/11/18,66,71,57
USW00094746,"WORCESTER REGIONAL AIRPORT, MA US",10/12/18,56,64,43
USW00094746,"WORCESTER REGIONAL AIRPORT, MA US",10/13/18,44,48,37
USW00094746,"WORCESTER REGIONAL AIRPORT, MA US",10/14/18,43,53,36
USW00094746,"WORCESTER REGIONAL AIRPORT, MA US",10/15/18,49,64,40
USW00094746,"WORCESTER REGIONAL AIRPORT, MA US",10/16/18,49,52,39
USW00094746,"WORCESTER REGIONAL AIRPORT, MA US",10/17/18,44,56,35
USW00094746,"WORCESTER REGIONAL AIRPORT, MA US",10/18/18,37,42,31
USW00094746,"WORCESTER REGIONAL AIRPORT, MA US",10/19/18,42,57,32
USW00094746,"WORCESTER REGIONAL AIRPORT, MA US",10/20/18,51,58,44
USW00094746,"WORCESTER REGIONAL AIRPORT, MA US",10/21/18,41,47,27
USW00094746,"WORCESTER REGIONAL AIRPORT, MA US",10/22/18,34,45,24
USW00094746,"WORCESTER REGIONAL AIRPORT, MA US",10/23/18,43,52,33
USW00094746,"WORCESTER REGIONAL AIRPORT, MA US",10/24/18,42,45,34
USW00094746,"WORCESTER REGIONAL AIRPORT, MA US",10/25/18,37,44,30
USW00094746,"WORCESTER REGIONAL AIRPORT, MA US",10/26/18,34,44,28
USW00094746,"WORCESTER REGIONAL AIRPORT, MA US",10/27/18,39,45,35
USW00094746,"WORCESTER REGIONAL AIRPORT, MA US",10/28/18,40,46,36
USW00094746,"WORCESTER REGIONAL AIRPORT, MA US",10/29/18,44,49,39
USW00094746,"WORCESTER REGIONAL AIRPORT, MA US",10/30/18,39,43,31
USW00094746,"WORCESTER REGIONAL AIRPORT, MA US",10/31/18,40,55,27
USW00094746,"WORCESTER REGIONAL AIRPORT, MA US",11/1/18,53,60,49
USW00094746,"WORCESTER REGIONAL AIRPORT, MA US",11/2/18,57,64,49
USW00094746,"WORCESTER REGIONAL AIRPORT, MA US",11/3/18,53,62,41
USW00094746,"WORCESTER REGIONAL AIRPORT, MA US",11/4/18,42,51,35
USW00094746,"WORCESTER REGIONAL AIRPORT, MA US",11/5/18,38,43,34
USW00094746,"WORCESTER REGIONAL AIRPORT, MA US",11/6/18,44,54,42
USW00094746,"WORCESTER REGIONAL AIRPORT, MA US",11/7/18,52,57,45
USW00094746,"WORCESTER REGIONAL AIRPORT, MA US",11/8/18,43,49,33
USW00094746,"WORCESTER REGIONAL AIRPORT, MA US",11/9/18,38,45,32
USW00094746,"WORCESTER REGIONAL AIRPORT, MA US",11/10/18,40,44,30
USW00094746,"WORCESTER REGIONAL AIRPORT, MA US",11/11/18,33,39,28
USW00094746,"WORCESTER REGIONAL AIRPORT, MA US",11/12/18,34,45,25
USW00094746,"WORCESTER REGIONAL AIRPORT, MA US",11/13/18,40,47,34
USW00094746,"WORCESTER REGIONAL AIRPORT, MA US",11/14/18,30,34,20
USW00094746,"WORCESTER REGIONAL AIRPORT, MA US",11/15/18,22,26,18
USW00094746,"WORCESTER REGIONAL AIRPORT, MA US",11/16/18,29,35,24
USW00094746,"WORCESTER REGIONAL AIRPORT, MA US",11/17/18,37,40,33
USW00094746,"WORCESTER REGIONAL AIRPORT, MA US",11/18/18,33,35,28
USW00094746,"WORCESTER REGIONAL AIRPORT, MA US",11/19/18,33,38,29
USW00094746,"WORCESTER REGIONAL AIRPORT, MA US",11/20/18,32,33,29
USW00094746,"WORCESTER REGIONAL AIRPORT, MA US",11/21/18,30,36,16
USW00094746,"WORCESTER REGIONAL AIRPORT, MA US",11/22/18,13,16,7
USW00094746,"WORCESTER REGIONAL AIRPORT, MA US",11/23/18,15,26,7
USW00094746,"WORCESTER REGIONAL AIRPORT, MA US",11/24/18,28,38,22
USW00094746,"WORCESTER REGIONAL AIRPORT, MA US",11/25/18,38,44,35
USW00094746,"WORCESTER REGIONAL AIRPORT, MA US",11/26/18,38,41,36
USW00094746,"WORCESTER REGIONAL AIRPORT, MA US",11/27/18,36,39,31
USW00094746,"WORCESTER REGIONAL AIRPORT, MA US",11/28/18,33,37,30
USW00094746,"WORCESTER REGIONAL AIRPORT, MA US",11/29/18,35,39,31
USW00094746,"WORCESTER REGIONAL AIRPORT, MA US",11/30/18,31,35,27
USW00094746,"WORCESTER REGIONAL AIRPORT, MA US",12/1/18,31,39,26
USW00094746,"WORCESTER REGIONAL AIRPORT, MA US",12/2/18,37,46,32
USW00094746,"WORCESTER REGIONAL AIRPORT, MA US",12/3/18,45,51,35
USW00094746,"WORCESTER REGIONAL AIRPORT, MA US",12/4/18,32,35,21
USW00094746,"WORCESTER REGIONAL AIRPORT, MA US",12/5/18,24,32,17
USW00094746,"WORCESTER REGIONAL AIRPORT, MA US",12/6/18,27,33,22
USW00094746,"WORCESTER REGIONAL AIRPORT, MA US",12/7/18,28,31,17
USW00094746,"WORCESTER REGIONAL AIRPORT, MA US",12/8/18,19,27,13
USW00094746,"WORCESTER REGIONAL AIRPORT, MA US",12/9/18,21,30,14
USW00094746,"WORCESTER REGIONAL AIRPORT, MA US",12/10/18,26,34,20
USW00094746,"WORCESTER REGIONAL AIRPORT, MA US",12/11/18,24,33,14
USW00094746,"WORCESTER REGIONAL AIRPORT, MA US",12/12/18,27,32,17
USW00094746,"WORCESTER REGIONAL AIRPORT, MA US",12/13/18,20,27,15
USW00094746,"WORCESTER REGIONAL AIRPORT, MA US",12/14/18,32,43,25
USW00094746,"WORCESTER REGIONAL AIRPORT, MA US",12/15/18,44,50,35
USW00094746,"WORCESTER REGIONAL AIRPORT, MA US",12/16/18,34,37,31
USW00094746,"WORCESTER REGIONAL AIRPORT, MA US",12/17/18,33,35,31
USW00094746,"WORCESTER REGIONAL AIRPORT, MA US",12/18/18,25,30,18
USW00094746,"WORCESTER REGIONAL AIRPORT, MA US",12/19/18,24,36,16
USW00094746,"WORCESTER REGIONAL AIRPORT, MA US",12/20/18,35,45,27
USW00094746,"WORCESTER REGIONAL AIRPORT, MA US",12/21/18,48,62,37
USW00094746,"WORCESTER REGIONAL AIRPORT, MA US",12/22/18,45,54,30
USW00094746,"WORCESTER REGIONAL AIRPORT, MA US",12/23/18,30,35,26
USW00094746,"WORCESTER REGIONAL AIRPORT, MA US",12/24/18,28,33,26
USW00094746,"WORCESTER REGIONAL AIRPORT, MA US",12/25/18,30,33,22
USW00094746,"WORCESTER REGIONAL AIRPORT, MA US",12/26/18,25,33,19
USW00094746,"WORCESTER REGIONAL AIRPORT, MA US",12/27/18,30,35,24
USW00094746,"WORCESTER REGIONAL AIRPORT, MA US",12/28/18,36,54,27
USW00094746,"WORCESTER REGIONAL AIRPORT, MA US",12/29/18,45,52,28
USW00094746,"WORCESTER REGIONAL AIRPORT, MA US",12/30/18,28,33,22
USW00094746,"WORCESTER REGIONAL AIRPORT, MA US",12/31/18,31,37,25